U	2f558bdb-1572-44be-9153-4a701ebfe99a	0	2320	0:2286	||||||
U	032f54ad-fd3d-42e0-b4fa-d6b1c197b7e7	0	1624	0:1590	||||||
U	615da01b-60bc-4e21-98a3-05c839f95e3c	0	2342	0:2308	||||||
U	1299a140-80db-4699-a931-7874b26cef68	0	1633	0:1599	||||||
U	f08edd01-80e8-456b-8586-03842fc12a73	0	1960	0:1926	||||||
U	6c439d5f-9d0f-4772-9c5c-9aa34be9d53c	0	2561	0:1918 9606:4 0:605	||||||
U	95ef48c2-7c64-4bbb-a40b-e279ff7881ab	0	268	0:234	||||||
U	cee89740-8fee-477b-bd1b-a607c6bc55a3	0	270	0:236	||||||
U	dcdd0891-7bdf-49f3-b49d-155552a27f39	0	2893	0:2859	||||||
U	a2187b21-0f60-497c-b9ba-2ee39417e177	0	4105	0:4071	||||||
U	be77b1a7-94cd-4508-b29c-42b80aec9d76	0	2204	0:2170	||||||
C	2642df5a-932d-49da-b533-c2fa001da736	131567	1698	0:933 9606:1 0:122 2062:1 0:607	unclassified cellular organisms superkingdom|unclassified cellular organisms phylum|unclassified cellular organisms class|unclassified cellular organisms order|unclassified cellular organisms family|unclassified cellular organisms genus|unclassified cellular organisms species
U	f459b9aa-6074-47a3-afc2-847feba441d2	0	500	0:466	||||||
U	02639995-ded2-406c-ba71-937c3e233697	0	828	0:794	||||||
U	7b31d35d-c246-45ac-b57b-bb70f4612016	0	3649	0:1114 9606:5 0:2496	||||||
U	ee68522c-f916-4ed1-b35f-eb994e918bb8	0	1822	0:1788	||||||
U	8d614934-4369-4359-9b1b-4763e01affb6	0	3058	0:3024	||||||
U	e44cb493-39da-4b2c-8532-d24964cce1e6	0	1818	0:1784	||||||
U	ddb92d03-6ffa-4930-bc4f-88c8362e4b24	0	577	0:543	||||||
U	16170872-e29f-4fc7-9e60-95c172e7b986	0	1274	0:1240	||||||
U	72b2d682-2567-4e11-acce-4f301235fb09	0	1579	0:1545	||||||
U	2df5a1a9-3415-42d1-bf37-c24cb27ff29f	0	1365	0:1331	||||||
U	c935cf50-e476-4521-a3a3-f59e9831eb8e	0	2708	0:2674	||||||
U	10f2040e-e98a-453c-88d9-75203fce65f2	0	1361	0:1327	||||||
U	03ed1d71-b5e6-49d8-85b6-fcc59832b742	0	1635	0:733 2838156:4 0:864	||||||
C	e033e1c1-0f7a-4537-9912-5632358b3c34	33154	4776	0:4123 33154:3 0:3 33154:173 0:440	Eukaryota|unclassified Eukaryota phylum|unclassified Eukaryota class|unclassified Eukaryota order|unclassified Eukaryota family|unclassified Eukaryota genus|unclassified Eukaryota species
U	09798c0a-a5f4-44bc-8500-053dbe2768cd	0	1591	0:1353 9606:1 0:203	||||||
U	aa4df361-dc6a-41c5-a3b8-bee45d14049a	0	1561	0:248 9606:1 0:1278	||||||
C	f2c8bbdf-e0e5-43a7-8e0b-85029e37f650	9606	4151	0:144 9606:3 0:4 9606:5 0:17 9606:1 0:22 9606:1 0:98 9606:1 0:16 9606:5 0:56 9606:3 0:48 9606:5 0:12 9606:3 0:85 9606:1 0:9 9606:5 0:166 9606:3 0:9 9606:5 0:24 9606:1 0:97 9606:4 0:10 9606:3 0:13 9606:12 0:39 9606:2 0:40 9606:1 0:64 9606:3 0:12 9606:1 0:86 9606:5 0:28 9606:5 0:185 9606:1 0:18 9606:8 0:27 9606:4 0:20 9606:2 0:1 9606:5 0:38 9606:5 0:10 9606:6 0:15 9606:6 0:4 9606:1 0:49 9606:4 0:1 9606:1 0:1 9606:2 0:24 9606:1 0:9 9606:2 0:38 9606:2 0:9 9606:1 0:37 9606:1 0:14 9606:3 0:268 9606:5 0:22 9606:5 0:45 9606:2 0:4 9606:5 0:10 9606:1 0:55 9606:1 0:5 9606:1 0:11 9606:1 0:85 9606:2 0:33 9606:4 0:5 9606:5 0:93 9606:3 0:294 9606:1 0:9 9606:3 0:19 9606:3 0:39 9606:6 0:5 9606:1 0:132 9606:5 0:22 9606:5 0:128 9606:1 0:2 9606:4 0:13 9606:3 0:2 9606:5 0:43 9606:1 0:195 9606:3 0:36 9606:5 0:86 9606:1 0:57 9606:5 0:113 9606:5 0:15 9606:5 0:34 9606:4 0:108 9606:3 0:5 9606:5 0:44 9606:1 0:69 9606:5 0:7 9606:1 0:72 9606:2 0:82	Eukaryota|Chordata|Mammalia|Primates|Hominidae|Homo|Homo sapiens
C	89518bde-dfac-4f0e-88c6-9fb7b2181564	9606	3977	0:971 9606:4 0:12 9606:4 0:29 9606:7 0:1674 303:3 0:1239	Eukaryota|Chordata|Mammalia|Primates|Hominidae|Homo|Homo sapiens
U	f35c8517-1ad7-4a59-bb35-6b2b33da5aa4	0	1940	0:1906	||||||
U	c1e80e3c-6b80-49a5-ba34-33999916366f	0	389	0:355	||||||
U	21657407-d3b5-4eef-be62-0eda68d81caa	0	331	0:297	||||||
U	7f843a9a-aec1-44e2-8549-9acf3089a0a5	0	4859	0:4825	||||||
U	d57fea73-92ad-46b7-b43d-4de7a310fffa	0	4708	0:4674	||||||
U	88ceeb9d-841d-432f-8813-df2eef79700d	0	2521	0:2487	||||||
C	6426ff46-77c3-4c06-8138-81d2f7efd2ce	5866	3509	0:245 131567:2 0:24 131567:3 0:70 5866:1 0:6 5866:7 0:24 131567:2 0:3 131567:6 0:13 9606:5 0:155 131567:1 0:143 1491:1 0:458 194196:5 0:1795 9606:1 0:505	Eukaryota|Apicomplexa|Aconoidasida|Piroplasmida|Babesiidae|Babesia|Babesia bigemina
U	634f45da-5a61-47db-b246-873b18b512d7	0	1346	0:187 298654:1 0:1124	||||||
U	d149e4a0-afcf-4448-b303-43594a308550	0	841	0:807	||||||
U	d32ea206-114b-4839-be7e-6fad3eb90ac3	0	2874	0:2840	||||||
U	0404bc50-9e3a-4db2-a50b-56276dc9f9b8	0	3706	0:3672	||||||
C	21bcef72-8ae9-48fc-824e-c9c08b098173	2527972	3487	0:187 2527972:5 0:1293 9606:2 0:1847 9606:2 0:117	Bacteria|Planctomycetota|Planctomycetia|Pirellulales|Lacipirellulaceae|Aeoliella|Aeoliella mucimassa
U	3dc6e4a2-d799-4b33-9e1b-fd3f13d0a81a	0	2617	0:2583	||||||
U	9a3e0680-25bd-4da7-8696-e945c5d35316	0	242	0:208	||||||
U	6778b288-eecd-4a73-897c-2a2dc630b5c2	0	1220	0:1186	||||||
U	fb02936d-3294-4586-b57b-ba53c4282d03	0	1196	0:1162	||||||
U	a842a2a2-5bd8-45aa-9423-a6c1b41a38a1	0	2137	0:250 9606:1 0:1852	||||||
C	2cf8ac18-b8bb-4325-aef6-37857903ea07	9606	2156	0:1806 9606:1 0:242 9606:2 0:71	Eukaryota|Chordata|Mammalia|Primates|Hominidae|Homo|Homo sapiens
U	41b4c151-1a4b-4772-931b-8535fc2fc03c	0	1315	0:1281	||||||
U	0a9bea8e-ab3f-499b-b1df-199aafe2cc56	0	465	0:431	||||||
U	5b5d6a6f-28cb-4be9-95a2-555f07909b60	0	875	0:841	||||||
U	740f6e3d-c564-4b83-aa85-0a44afd17b3d	0	839	0:805	||||||
U	8582991e-9ec8-48be-8215-8943bc44ea01	0	911	0:34 9606:2 0:841	||||||
U	56f89403-5f2e-42ee-85f3-efd936fbe961	0	1532	0:1498	||||||
U	9f21d2bc-c3c4-4582-adf3-8853387cee1c	0	2168	0:2134	||||||
C	45b0689e-d1fe-408c-b95e-397dc2d32a13	9606	2026	0:1586 9606:9 0:397	Eukaryota|Chordata|Mammalia|Primates|Hominidae|Homo|Homo sapiens
U	b3b6f8f6-2dc3-4e99-89c4-91230e939d63	0	848	0:814	||||||
U	4424e2a8-bc5c-40cf-9c9a-203b40b26d3d	0	2010	0:1976	||||||
C	0c4842ee-1886-4dab-b47d-fd4064fa2a20	9606	974	0:104 9606:5 0:272 9606:1 0:558	Eukaryota|Chordata|Mammalia|Primates|Hominidae|Homo|Homo sapiens
U	c66dc795-cc05-45e2-8633-7e735ed9fcce	0	2597	0:2563	||||||
U	bd611a04-6b01-45dc-8daa-473da67944eb	0	639	0:605	||||||
U	9d894f5f-0127-44db-b970-15eba9378e79	0	624	0:590	||||||
U	4afbcbfe-943f-4429-a856-0ed7a1213170	0	1933	0:1899	||||||
U	91960595-f8c0-4d39-a43e-8f0cbe5d47d9	0	436	0:402	||||||
U	ea2455ab-d651-4d66-abcc-e2cfd879dc41	0	1704	0:1670	||||||
U	bc48ae7e-336b-4c4c-a158-4154b4ff3265	0	1903	0:1869	||||||
U	f1fd9396-38a7-49c5-911e-081a0bedf43d	0	1920	0:1886	||||||
U	dbeb7225-52e3-495a-8b74-062892f635bb	0	2681	0:2647	||||||
U	943cc0a0-d8d7-45b8-91a9-af0d1ffcba9a	0	985	0:951	||||||
U	252432d5-d8e4-4f47-94a2-56c3f4aee6fc	0	3596	0:3562	||||||
C	4828e288-956a-4e90-b6ad-a1960fdfaff8	9606	2175	0:1028 9606:3 0:37 9606:3 0:1070	Eukaryota|Chordata|Mammalia|Primates|Hominidae|Homo|Homo sapiens
U	c1ef8a97-d23e-4e79-b285-99a6cb00b5f6	0	2221	0:2187	||||||
U	b11e66b7-7bcb-42b1-92d4-98f7922990c7	0	2247	0:2213	||||||
U	40be0888-6486-4b8b-bb3c-288b043a70e5	0	2192	0:2158	||||||
U	e1f86aef-a6a2-4ac7-8181-b1dd7491b496	0	282	0:248	||||||
C	a90e0764-dadd-45b8-a92b-6b3e39446e37	5866	2839	0:135 5866:4 0:77 5866:5 0:7 131567:5 0:6 5866:1 0:743 5866:2 0:264 131567:3 0:70 1491:2 0:45 131567:1 0:16 5866:3 0:2 5866:5 0:14 5866:5 0:106 131567:1 0:34 5866:2 0:199 131567:7 0:9 131567:2 0:15 131567:5 0:8 131567:5 0:300 5866:1 0:11 131567:2 0:179 131567:5 0:114 1491:4 0:10 131567:5 0:200 5866:1 0:165	Eukaryota|Apicomplexa|Aconoidasida|Piroplasmida|Babesiidae|Babesia|Babesia bigemina
U	29888b18-b2f8-4169-a80d-96dee89a76bd	0	2766	0:2732	||||||
U	dc676159-0af0-4bab-96c8-cdac7ca35814	0	667	0:633	||||||
C	cafce6d9-7e07-4dbe-b060-17f3149247c1	9606	2930	0:614 9606:5 0:4 9606:3 0:47 9606:5 0:17 9606:4 0:26 9606:3 0:907 9606:1 0:1260	Eukaryota|Chordata|Mammalia|Primates|Hominidae|Homo|Homo sapiens
C	f51fca8d-53ed-4ef2-a18d-3495970de344	5866	2097	0:602 5866:5 0:179 1491:1 0:1276	Eukaryota|Apicomplexa|Aconoidasida|Piroplasmida|Babesiidae|Babesia|Babesia bigemina
U	b89d8edb-9a64-42fb-837a-042c2d7c5d8a	0	579	0:545	||||||
U	59c5ea1a-7a1e-4f82-82ba-72137df0b53f	0	3125	0:3091	||||||
U	c7f60779-1dd0-4590-b315-f5103c06c71f	0	3043	0:3009	||||||
U	973a64fb-24f3-4e0a-a9fe-fa3f80fb327b	0	1909	0:559 9606:3 0:1313	||||||
U	f488453d-f6f7-4985-8424-99af9c2d2af9	0	3515	0:3481	||||||
U	d9559d43-b323-4d5a-ac66-e3aa4a16b6d3	0	6199	0:6165	||||||
U	d16dc622-623a-4795-8d05-886829d9acf3	0	1814	0:1780	||||||
U	ea1a34a0-e9fc-43d2-b841-5d51b72ba4e0	0	1594	0:1560	||||||
U	d3d76fc9-fa1a-4b47-b42c-36a878b2e3fa	0	682	0:648	||||||
U	17204904-d5bd-4ea5-a80f-d0cd781229ef	0	3303	0:1888 9606:3 0:1378	||||||
U	ec58e7ef-9665-4268-b73a-bfcdc921bf15	0	373	0:339	||||||
U	60eae6d2-f313-4749-b422-b16978337c57	0	740	0:706	||||||
U	56e3de8f-5d32-4a38-a308-c815792f4c17	0	1872	0:1838	||||||
U	58af7cee-643b-4825-8dfd-8a196e4989a6	0	2062	0:2028	||||||
U	2df6aced-06a5-43a9-9d38-4af5d96515fa	0	1677	0:1643	||||||
U	e4abbbbd-1ef8-4550-8ab6-f25e8ea5f793	0	1673	0:1639	||||||
U	58270779-8eb3-4afc-8de2-fb4d58adfe7c	0	1963	0:1929	||||||
U	a9c8f64b-4587-41cf-ad3a-a8cb0b824470	0	1039	0:1005	||||||
C	5e1d5103-96cf-4f87-90c7-e286613f8b5b	9606	3905	0:1638 47879:1 0:954 9606:2 0:1276	Eukaryota|Chordata|Mammalia|Primates|Hominidae|Homo|Homo sapiens
U	9e8786ee-4ec7-4932-a5d2-99adcc9ea68b	0	1475	0:1441	||||||
U	8f3040fd-be00-488c-873e-89c46b2a3757	0	2117	0:2083	||||||
U	dac05303-8e73-4e0d-a4f1-229d23304ed3	0	2956	0:2922	||||||
U	b2b7bfb6-4f4b-4104-8da0-5f013de32e0a	0	1231	0:1197	||||||
U	a66cbe05-19f8-427e-960c-cdce66c9ab4b	0	480	0:446	||||||
U	25722736-db90-412e-bcc2-c78b2d4cc2ef	0	961	0:927	||||||
U	7cc31ee1-5d6a-4c33-8241-711bbadbe510	0	4260	0:4226	||||||
U	9b7fd550-2187-454a-a297-976a160e6c58	0	2846	0:2812	||||||
U	b0fe076b-afa4-4725-a0bd-530d138ef741	0	3221	0:3187	||||||
C	8e73d1b2-703b-4dc1-ac11-5bb0f76a2836	9606	3625	0:1333 9606:5 0:390 2571029:1 0:1862	Eukaryota|Chordata|Mammalia|Primates|Hominidae|Homo|Homo sapiens
U	8cdf6be5-1fce-4b85-82f5-477e36492f10	0	441	0:407	||||||
U	4a31c527-cf3b-43bc-bbac-5cf0c3b14af2	0	2086	0:2052	||||||
U	96148db1-a7b1-4cc0-ac53-41a2a7823efc	0	2083	0:2049	||||||
U	2d5b6496-8533-4053-b0cb-ea2fb9e9ef5f	0	2053	0:2019	||||||
U	cb12670c-e6b2-4c56-9689-311b63404c43	0	1627	0:1593	||||||
C	e00068c3-d6fb-4ec3-82bd-baad0f8b74e6	9606	2128	0:1601 9606:3 0:39 9606:2 0:449	Eukaryota|Chordata|Mammalia|Primates|Hominidae|Homo|Homo sapiens
U	34fe01a8-05d3-4279-8d6a-c6dc0841d13c	0	2470	0:2436	||||||
U	1eeea195-1d14-460d-a755-131b454cd0b1	0	1720	0:1686	||||||
U	dd02323e-fda0-4e8c-b596-dd05fc2e147c	0	4328	0:3329 1400864:5 0:960	||||||
U	2f430f55-7d84-4238-b15a-9beb9ea91e1a	0	1696	0:1662	||||||
U	ff657142-4afe-41c6-b558-0583b2f01304	0	1273	0:1239	||||||
U	e92b9ba8-8347-4c7b-ab80-19955c4c952a	0	1691	0:1657	||||||
U	860987fe-f7ec-426d-955d-112f0995ee0a	0	800	0:766	||||||
U	85efb4bf-8e86-47f1-9ef1-e80545697744	0	3109	0:3075	||||||
U	cb54258f-cb2e-48dc-b9cf-edf3217cb50e	0	437	0:403	||||||
U	488c3539-25c9-40c6-8a9e-d46298d67979	0	449	0:415	||||||
U	06cfd141-af89-4647-8b11-5315af4163d1	0	440	0:406	||||||
U	7b3d6572-9d13-4888-83be-b59e26a11664	0	695	0:661	||||||
U	774fd8af-9076-459a-b9e7-e3bc858d0198	0	959	0:925	||||||
U	a134c5a1-e6c2-4559-b78b-cb4f0ebae8cf	0	2021	0:1987	||||||
U	4c5dc9c5-ed94-4da2-bc88-6998a3cd3687	0	486	0:452	||||||
U	e9a5b37d-85fe-43c1-8ac7-9923eaf3aca5	0	3326	0:3292	||||||
U	a7e58702-7e44-4f3a-bae6-6e8dee599f0c	0	3241	0:620 508771:5 0:2582	||||||
U	32cece95-966a-4c60-95b2-483c379d0e4e	0	2437	0:1890 9606:4 0:509	||||||
U	9beb0e46-7e8e-4f41-ba49-84ca9ae76e49	0	2874	0:2840	||||||
U	ec0941c6-2008-4327-b116-e21157c383b4	0	1715	0:1662 9606:1 0:18	||||||
U	470b13cd-320b-4a91-b6c5-8fd443257a49	0	645	0:611	||||||
U	cf9dad2a-b406-460e-ad02-40e4eb3ab6bf	0	1414	0:1380	||||||
U	267a0135-66c2-477a-9543-ddb32451d430	0	2475	0:2441	||||||
U	e4e1c8e2-eb67-40b7-8ff7-20f65bcfe303	0	2499	0:2465	||||||
U	29df8c54-8c83-42d8-873c-9e67af67257e	0	908	0:874	||||||
U	9ed99bf7-23c1-456c-8420-cdde218fec15	0	3315	0:3281	||||||
U	3bf04548-5af7-470b-9c12-6759e25ef2f9	0	933	0:285 9606:5 0:609	||||||
U	0ca6dd46-b33a-491a-b815-bbc55fc7da3a	0	1568	0:1534	||||||
U	1b20d53e-09ed-4cf8-b63e-e8bd51610615	0	3192	0:3158	||||||
U	9d74a31b-4d0f-42b9-b3f0-1e9a4bd61f04	0	498	0:464	||||||
U	a75d04e9-56a2-4ab0-bbf9-65132d7b2e99	0	342	0:308	||||||
U	8ef0abb3-6eaa-4e2c-9690-85223ec21caa	0	2339	0:2305	||||||
C	311b685b-7eea-4f61-8135-97ff214aeb3f	9606	2369	0:317 1:1 0:49 9606:1 0:1967	Eukaryota|Chordata|Mammalia|Primates|Hominidae|Homo|Homo sapiens
U	8e255caf-ded7-4eff-9554-63997ecd4ade	0	1800	0:1766	||||||
U	a4b05749-eeaa-45e0-b83c-a0058dfef23c	0	459	0:425	||||||
C	87eb608d-5acf-4842-9abe-dc532a918f79	9606	3119	0:151 9606:2 0:28 9606:3 0:97 9606:2 0:8 9606:1 0:27 9606:12 0:92 9606:5 0:15 9606:1 0:16 9606:5 0:65 9606:5 0:9 9606:3 0:22 9606:4 0:7 9606:1 0:1 9606:3 0:12 9606:4 0:3 9606:5 0:15 9606:5 0:16 9606:4 0:33 9606:5 0:9 9606:5 0:1 9606:5 0:55 9606:2 0:29 9606:5 0:1 9606:5 0:7 9606:3 0:8 9606:5 0:9 9606:2 0:54 9606:3 0:15 9606:1 0:22 9606:1 0:17 9606:4 0:88 9606:5 0:73 9606:3 0:5 9606:3 0:3 9606:1 0:90 9606:5 0:48 9606:1 0:5 9606:1 0:46 9606:2 0:149 9606:1 0:9 9606:5 0:73 9606:4 0:22 9606:7 0:28 9606:5 0:137 9606:1 0:36 9606:5 0:13 9606:1 0:22 9606:1 0:16 9606:1 0:1 9606:7 0:4 9606:3 0:13 9606:5 0:6 9606:2 0:11 9606:5 0:50 9606:1 0:1 9606:2 0:20 9606:5 0:5 9606:1 0:49 9606:5 0:1 9606:5 0:6 9606:1 0:17 9606:5 0:11 9606:2 0:85 9606:2 0:11 9606:5 0:12 9606:5 0:20 9606:1 0:5 9606:9 0:1 9606:1 0:16 2759:5 0:3 9606:1 0:9 9606:5 0:11 9606:5 0:73 9606:5 0:136 9606:2 0:40 9606:3 0:5 9606:1 0:27 9606:5 0:21 9606:2 0:25 9606:1 0:18 9606:5 0:65 9606:5 0:13 9606:5 0:2 9606:5 0:15 9606:5 0:77 9606:1 0:197	Eukaryota|Chordata|Mammalia|Primates|Hominidae|Homo|Homo sapiens
U	cc67d5ec-0738-489f-b492-4b6496a334bc	0	1979	0:1945	||||||
U	73c79d24-567d-42b4-b1aa-b3aebd8c4406	0	512	0:478	||||||
U	d5a77b6c-1f0f-4bae-b5f2-63799df40bf1	0	357	0:323	||||||
U	5b07c75f-7c00-4a08-97e2-1db3a53460a3	0	2782	0:2748	||||||
C	b3a1215a-fd72-419f-b54a-014c66a45936	9606	363	0:100 9606:2 0:158 9606:2 0:20 9606:3 0:44	Eukaryota|Chordata|Mammalia|Primates|Hominidae|Homo|Homo sapiens
U	f82b5292-c607-44c8-96e6-71519ed81210	0	1456	0:1422	||||||
U	48144f9d-dec8-49de-85da-06f0929f7efc	0	1261	0:153 9606:2 0:1072	||||||
C	3d7e698b-9095-4b3e-9b65-ead17ea07915	9606	1975	0:1247 33154:24 0:13 33154:2 0:12 9606:4 0:18 33154:6 0:21 33154:3 0:17 33154:7 0:17 33154:7 0:17 33154:63 0:463	Eukaryota|Chordata|Mammalia|Primates|Hominidae|Homo|Homo sapiens
U	706dd090-13ee-4470-b7cd-183786720175	0	4098	0:4064	||||||
U	db1461db-1cf1-4fcc-b28a-edaeece0c534	0	2929	0:2895	||||||
U	e7fec968-298f-4486-ba77-21703427c836	0	1972	0:1938	||||||
C	c728dd96-227a-4363-9497-edf637866ec2	5866	2876	0:669 1491:3 0:751 5866:2 0:279 5866:5 0:2 5866:5 0:12 5866:1 0:1113	Eukaryota|Apicomplexa|Aconoidasida|Piroplasmida|Babesiidae|Babesia|Babesia bigemina
C	94e87bad-c224-460f-8948-293640c05e59	9606	3831	0:2813 9606:3 0:151 9606:2 0:24 9606:5 0:799	Eukaryota|Chordata|Mammalia|Primates|Hominidae|Homo|Homo sapiens
U	8aa012c9-e95b-45ec-9091-ab4766ee485e	0	2803	0:834 47877:2 0:1933	||||||
U	b5f1a4e9-4bf9-48ea-a669-f4a0c574a44d	0	1391	0:1357	||||||
U	7f5c85e9-8ed4-48a3-a974-2aa8bceb79f2	0	1389	0:1355	||||||
U	a4042c6e-7d74-498f-8d27-222b5b33be78	0	2840	0:2806	||||||
U	e1c23482-2ef9-42a8-b9a9-794a3a5b7b79	0	2896	0:2272 1491:1 0:589	||||||
U	439cec43-67df-4b13-b208-abc9c1de7caf	0	1848	0:1814	||||||
U	8d54dad4-f5f7-4519-aa9a-4fe2f22f9db3	0	416	0:382	||||||
U	192faa69-fcb7-417a-9d0b-aafdedd4e202	0	549	0:515	||||||
U	128ed085-0608-49bc-8dd9-6816c447bf12	0	754	0:720	||||||
C	b886e1cc-7d30-4bcb-b2ef-1bb815310e5b	9606	3869	0:103 9606:1 0:28 9606:5 0:60 9606:1 0:67 9606:1 0:10 9606:5 0:10 9606:5 0:96 9606:1 0:22 9606:5 0:4 9606:1 0:27 9606:3 0:22 9606:3 0:2 9606:5 0:4 9606:1 0:107 9606:4 0:7 9606:5 0:94 9606:5 0:47 9606:3 0:8 9606:1 0:34 9606:5 0:123 9606:1 0:22 9606:2 0:19 9606:3 0:29 9606:5 0:10 9606:5 0:17 9606:7 0:112 9606:1 0:8 9606:2 0:2 9606:5 0:7 9606:3 0:15 9606:7 0:13 9606:5 0:15 9606:5 0:30 9606:5 0:33 9606:6 0:45 9606:1 0:44 9606:1 0:25 9606:3 0:9 9606:5 0:26 9606:5 0:8 9606:1 0:13 9606:2 0:135 9606:5 0:3 9606:5 0:116 9606:1 0:7 9606:4 0:44 9606:1 0:9 9606:1 0:110 9606:5 0:73 9606:1 0:5 9606:2 0:9 9606:3 0:16 9606:1 0:76 9606:5 0:3 9606:1 0:47 9606:3 0:68 9606:10 0:30 9606:5 0:124 9606:3 0:9 9606:1 0:55 9606:1 0:12 9606:2 0:50 9606:1 0:63 9606:5 0:1 9606:1 0:27 9606:5 0:13 9606:1 0:9 9606:5 0:13 9606:2 0:5 9606:3 0:21 9606:5 0:14 9606:2 0:61 9606:5 0:84 9606:5 0:27 9606:4 0:8 9606:4 0:21 9606:1 0:11 9606:2 0:8 9606:5 0:37 9606:2 0:15 9606:2 0:38 9606:5 0:31 9606:1 0:78 9606:4 0:5 9606:4 0:50 9606:1 0:35 9606:5 0:93 9606:3 0:75 9606:1 0:17 9606:5 0:8 9606:2 0:4 9606:5 0:5 9606:5 0:21 9606:2 0:84 9606:2 0:36 9606:1 0:9 9606:1 0:24 9606:3 0:96	Eukaryota|Chordata|Mammalia|Primates|Hominidae|Homo|Homo sapiens
U	c21668fb-e5fd-40fc-aca3-e9f25520ec42	0	2567	0:2533	||||||
U	28b2186a-25dc-47a0-94e5-d8e1489fe9c8	0	2542	0:2508	||||||
U	83c9b1ad-4ccf-42bf-bfb8-8e3264dfe88d	0	998	0:964	||||||
U	6e6416a8-7c46-41de-a7b2-3917b70691cf	0	406	0:372	||||||
U	7e515335-df7b-457b-b68b-f206dbfd8a2e	0	2562	0:2528	||||||
U	d68134c8-2a55-488d-a060-7acdee48ecd4	0	2283	0:2249	||||||
U	9c739aa6-9b50-46cb-a948-3441d02da87b	0	1425	0:1391	||||||
C	221f7325-86e6-4ac4-b04c-4bb6bf83e230	9606	4470	0:97 2759:3 0:5 2759:4 0:33 2759:5 0:23 9606:1 0:14 9606:1 0:6 9606:5 0:32 9606:5 0:92 9606:5 0:18 9606:6 0:4 9606:5 0:35 9606:10 0:36 2759:3 0:8 9606:3 0:8 9606:3 0:69 2759:1 0:10 2759:5 0:2 2759:3 0:40 2759:2 0:7 2759:1 0:36 2759:2 0:29 2759:5 0:27 2759:5 0:34 9606:3 0:68 2759:5 0:51 2759:4 0:23 2759:2 0:19 2759:3 0:27 2759:5 0:37 9606:1 0:54 2759:5 0:27 2759:1 0:10 2759:2 0:21 9606:1 0:75 2759:1 0:59 2759:2 0:17 2759:1 0:49 2759:5 0:29 2759:1 0:37 9606:6 0:55 9606:3 0:35 2759:2 0:32 2759:1 0:6 9606:1 0:40 131567:3 0:4 2759:10 0:29 2759:3 0:34 2759:4 0:11 2759:1 0:25 9606:1 0:30 9606:5 0:1 2759:5 0:139 2759:4 0:13 2759:6 0:6 2759:4 0:52 2759:3 0:5 2759:4 0:33 2759:5 0:23 9606:1 0:14 9606:1 0:6 9606:5 0:32 9606:5 0:19 9606:1 0:72 9606:5 0:29 9606:5 0:35 9606:10 0:36 2759:3 0:8 9606:3 0:8 9606:3 0:69 2759:1 0:10 2759:5 0:2 2759:3 0:40 2759:2 0:44 2759:2 0:29 2759:5 0:27 2759:5 0:105 2759:5 0:51 2759:4 0:23 2759:2 0:19 2759:3 0:27 2759:5 0:37 9606:1 0:54 2759:5 0:27 2759:1 0:10 2759:2 0:60 2759:3 0:24 2759:1 0:7 2759:1 0:59 2759:2 0:17 2759:1 0:49 2759:5 0:126 9606:3 0:35 2759:2 0:32 2759:1 0:6 9606:1 0:35 9606:1 0:4 131567:3 0:9 2759:5 0:29 2759:3 0:34 2759:4 0:11 2759:1 0:16 2759:1 0:8 9606:1 0:30 9606:5 0:1 2759:5 0:40 9606:5 0:94 2759:4 0:13 2759:1 0:11 2759:4 0:44 9606:1 0:7 2759:3 0:5 2759:4 0:29 9606:2 0:15 9606:2 0:13 9606:1 0:14 9606:1 0:6 9606:5 0:43 9606:1 0:85 9606:5 0:18 9606:6 0:4 9606:5 0:35 9606:10 0:36 2759:3 0:8 9606:3 0:16 9606:3 0:61 2759:1 0:10 2759:5 0:2 2759:3 0:86 2759:2 0:57	Eukaryota|Chordata|Mammalia|Primates|Hominidae|Homo|Homo sapiens
U	85d4e4de-c71c-4a18-8e31-3ded2f6a4438	0	2514	0:2480	||||||
U	ef87118d-2603-42c1-9213-e63f302c9794	0	574	0:540	||||||
U	f64049d4-3879-46ac-8315-add456b9f1b3	0	424	0:390	||||||
U	89175250-ac5c-4cef-899e-b6e52358b044	0	2611	0:2577	||||||
U	ac0ee4b1-17a8-4a3a-a5c8-34eda25a86dd	0	573	0:539	||||||
U	9947abad-7408-46de-a395-c84569049093	0	3197	0:2231 1866885:1 0:931	||||||
U	8f670c08-3d16-4b59-98b6-a20fb4743e14	0	408	0:374	||||||
U	2535beb8-750c-410a-a22d-9c10838c5cc4	0	1414	0:1380	||||||
U	5eae1999-f35f-4a83-8b5d-1addad81ff55	0	697	0:663	||||||
U	f89800a2-7f1a-4818-9335-fac8694a654e	0	3509	0:3475	||||||
U	c4a21a82-c35c-4aa9-a2ee-893e672790da	0	654	0:620	||||||
U	6b9b35f0-8263-4bb5-96ce-64f74a0b4d57	0	2483	0:2449	||||||
C	1851642a-6913-4999-98db-877341329490	9606	1601	0:1384 9606:5 0:99 9606:2 0:77	Eukaryota|Chordata|Mammalia|Primates|Hominidae|Homo|Homo sapiens
U	abaaa0c0-4ad3-45d4-a6f0-a5d518209525	0	741	0:707	||||||
U	33c4bd43-ade8-4c65-a409-3fb1a4ea3f71	0	3892	0:3858	||||||
C	15b288f7-edcb-492e-bfbc-fdd879935ce4	9606	4654	0:147 9606:1 0:6 9606:2 0:58 9606:2 0:128 9606:5 0:7 9606:3 0:46 9606:2 0:15 9606:3 0:87 9606:5 0:152 9606:2 0:2 9606:5 0:98 9606:6 0:3 9606:1 0:55 9606:5 0:9 9606:5 0:5 9606:5 0:21 9606:5 0:16 9606:5 0:29 9606:1 0:26 9606:12 0:21 9606:5 0:10 9606:3 0:1 9606:4 0:14 9606:2 0:40 9606:5 0:12 9606:5 0:15 9606:2 0:28 9606:5 0:109 9606:1 0:116 9606:2 0:5 9606:1 0:45 9606:1 0:9 9606:1 0:134 9606:5 0:96 9606:4 0:27 9606:1 0:33 9606:5 0:5 9606:2 0:5 9606:1 0:50 9606:2 0:26 9606:4 0:20 9606:1 0:16 9606:3 0:3 9606:1 0:18 9606:1 0:140 9606:2 0:4 9606:4 0:38 9606:9 0:10 9606:4 0:20 9606:2 0:27 9606:3 0:164 9606:1 0:12 9606:5 0:17 9606:5 0:82 9606:1 0:32 9606:1 0:130 9606:2 0:38 9606:4 0:72 9606:4 0:55 9606:2 0:13 9606:1 0:11 9606:5 0:4 9606:3 0:7 9606:3 0:36 9606:7 0:48 9606:5 0:86 9606:5 0:2 9606:1 0:62 9606:4 0:28 9606:2 0:77 9606:5 0:143 9606:1 0:107 9606:1 0:85 9606:1 0:6 9606:5 0:6 9606:4 0:9 9606:2 0:102 9606:5 0:19 9606:4 0:57 9606:1 0:50 9606:2 0:141 9606:1 0:1 9606:5 0:42 9606:5 0:62 9606:2 0:6 9606:5 0:1 9606:5 0:159 9606:4 0:49 9606:1 0:52 9606:3 0:16 9606:4 0:2 9606:2 0:90 9606:2 0:34 9606:4 0:97	Eukaryota|Chordata|Mammalia|Primates|Hominidae|Homo|Homo sapiens
U	843fd9a7-d8e9-4eaa-8b9f-9dda584db12f	0	2371	0:133 2759:5 0:2199	||||||
U	a1d779ad-3836-40d6-a440-387703f63ca4	0	399	0:365	||||||
U	3e8044ab-ebeb-40a4-9162-95a8f9a93a54	0	4663	0:4629	||||||
U	adbba455-3407-45fd-bac9-7f4eb900cf24	0	2671	0:2637	||||||
U	ece59a53-23c4-4369-bcec-49a67b280a0a	0	1491	0:1457	||||||
U	b03dca21-4996-4bce-8518-9501aa4d8a7c	0	1631	0:1597	||||||
U	6cd7b7df-d6a5-4ab8-8caa-f3708478257a	0	2197	0:851 9606:2 0:1310	||||||
C	e13e414a-9bae-4537-a0d9-dbfb81ba18d8	9606	3426	0:133 9606:6 0:17 9606:6 0:32 9606:2 0:14 9606:5 0:28 9606:2 0:92 9606:1 0:19 9606:1 0:70 9606:1 0:5 9606:3 0:28 9606:3 0:6 9606:2 0:21 9606:1 0:128 9606:5 0:21 9606:4 0:6 9606:1 0:11 9606:1 0:3 9606:2 0:52 2759:1 0:19 9606:3 0:74 9606:3 0:15 9606:1 0:49 2759:5 0:6 9606:5 0:9 9606:5 0:92 9606:4 0:66 9606:5 0:12 9606:5 0:5 9606:3 0:21 9606:3 0:6 9606:5 0:44 9606:2 0:15 9606:4 0:30 9606:2 0:67 9606:3 0:12 9606:1 0:20 9606:1 0:10 9606:2 0:13 9606:2 0:1 9606:1 0:34 9606:1 0:93 9606:1 0:77 9606:4 0:3 9606:1 0:87 9606:4 0:15 9606:6 0:10 9606:2 0:12 9606:3 0:29 9606:1 0:99 9606:5 0:50 9606:2 0:66 9606:5 0:68 9606:1 0:7 9606:3 0:104 9606:6 0:9 9606:1 0:37 9606:2 0:23 9606:2 0:16 9606:1 0:25 9606:5 0:2 9606:1 0:10 9606:6 0:24 9606:5 0:8 9606:1 0:26 9606:5 0:41 9606:4 0:43 9606:6 0:68 9606:4 0:7 9606:4 0:7 9606:3 0:3 9606:1 0:7 9606:10 0:5 9606:2 0:9 9606:1 0:37 9606:2 0:38 9606:4 0:26 9606:3 0:9 9606:3 0:31 9606:1 0:192 9606:1 0:109 9606:9 0:55 9606:3 0:11 9606:2 0:15 9606:2 0:50 9606:1 0:37 9606:5 0:129	Eukaryota|Chordata|Mammalia|Primates|Hominidae|Homo|Homo sapiens
U	f74f1b2a-976b-454d-a25e-276b1afe8857	0	2043	0:2009	||||||
U	e18bd1e1-fb95-4829-a415-1c877231ef25	0	414	0:380	||||||
U	c1e450ed-1186-4f4e-9860-7ee41e099d22	0	2007	0:1973	||||||
U	99b3e63c-b0cc-4cdb-9596-9b4b57b330db	0	389	0:355	||||||
U	4d27dda5-06fc-4f0b-b551-edc734f60b1a	0	524	0:490	||||||
U	ca21ceac-924a-4254-8b2a-0df650984d36	0	4256	0:2502 145971:1 0:1719	||||||
U	95f540d2-30f7-494a-9fce-3cc9bbf2348b	0	1579	0:1545	||||||
U	3178ab72-dee2-4e5d-968c-4d916c1283d0	0	1103	0:1069	||||||
U	df6cb48d-bf05-48e0-975d-de6f724e0ea0	0	2099	0:2065	||||||
U	1e15016a-d8ff-41b0-8138-1d7865ecf309	0	1203	0:1169	||||||
U	cead5cbe-57cf-486f-b344-87697f335fa8	0	1970	0:1936	||||||
C	97fbf4cd-990a-4e35-8a0f-c9afa073c202	9606	3199	0:147 9606:4 0:73 9606:5 0:40 9606:1 0:28 9606:2 0:31 9606:10 0:48 9606:3 0:5 9606:4 0:79 9606:5 0:18 9606:1 0:92 9606:3 0:9 9606:2 0:5 9606:3 0:87 9606:2 0:35 9606:5 0:22 9606:2 0:13 9606:5 0:6 9606:1 0:7 9606:5 0:41 9606:1 0:51 9606:5 0:12 9606:1 0:5 9606:1 0:44 9606:1 0:34 9606:5 0:12 9606:4 0:151 9606:3 0:11 9606:3 0:51 9606:5 0:9 9606:2 0:5 9606:2 0:36 9606:5 0:38 9606:2 0:9 9606:3 0:52 9606:5 0:151 9606:2 0:35 9606:4 0:7 9606:5 0:94 9606:3 0:1 9606:5 0:1 9606:5 0:17 9606:5 0:2 9606:5 0:14 9606:3 0:31 9606:1 0:11 9606:5 0:33 9606:5 0:20 9606:5 0:14 9606:2 0:88 9606:4 0:6 9606:5 0:1 9606:5 0:37 9606:1 0:44 9606:1 0:50 9606:2 0:26 9606:3 0:18 9606:3 0:2 9606:5 0:65 9606:1 0:8 9606:1 0:5 9606:5 0:15 9606:5 0:8 9606:5 0:49 9606:10 0:27 9606:2 0:3 9606:6 0:86 9606:4 0:7 9606:1 0:115 9606:2 0:83 9606:5 0:75 9606:2 0:37 9606:5 0:4 9606:5 0:22 9606:4 0:57 9606:5 0:35 9606:5 0:3 9606:5 0:65 9606:4 0:44 9606:1 0:65	Eukaryota|Chordata|Mammalia|Primates|Hominidae|Homo|Homo sapiens
U	3fd8356c-0bb8-4244-928c-1d8eefbe395d	0	563	0:529	||||||
U	afe1a3bf-f551-4d1a-b9c3-612d43b9d2b8	0	1039	0:1005	||||||
U	407dad43-b804-4f14-b6c5-f06ee265c61c	0	1515	0:1122 9606:3 0:356	||||||
U	2e5c4cba-2b9a-47a4-a30b-dab3d43a3b7e	0	755	0:721	||||||
U	cbcd7c33-261c-4829-9425-461d2ce99189	0	3020	0:2529 9606:2 0:455	||||||
C	a81c8e78-3f81-40b8-a8cd-78fb3513faae	9606	2966	0:511 9606:2 0:90 9606:2 0:2327	Eukaryota|Chordata|Mammalia|Primates|Hominidae|Homo|Homo sapiens
U	4e893aa1-ee51-48b0-8626-4ab06184a59e	0	1375	0:979 2697569:5 0:357	||||||
U	c0021cd0-0444-46f6-aa5f-8aaff4013692	0	1815	0:1781	||||||
U	d300f81b-ab4f-4595-9de5-e5f7ab8e6ca1	0	1864	0:1830	||||||
U	0b3a9c07-d395-48ea-9836-7fdf49a3869f	0	813	0:779	||||||
U	6f997f1f-6474-435f-8e2a-79f598a9def4	0	3344	0:3310	||||||
U	f109c942-b879-4774-b838-a784b6bea68f	0	581	0:547	||||||
C	5a8b6b21-6339-48ed-9c0e-dc4fc55ef42d	1491	3645	0:1186 9606:1 0:5 9606:1 0:200 1491:5 0:6 1491:5 0:4 1491:1 0:97 1491:5 0:1173 5866:2 0:159 131567:3 0:9 131567:5 0:65 131567:5 0:15 131567:2 0:9 131567:7 0:389 131567:2 0:88 5866:2 0:81 131567:6 0:73	Bacteria|Bacillota|Clostridia|Eubacteriales|Clostridiaceae|Clostridium|Clostridium botulinum
U	9b661012-5a64-490e-8caf-c931366e416d	0	1394	0:778 467976:5 0:577	||||||
U	fb6d0098-984f-402c-91dd-2d9dec45848e	0	352	0:318	||||||
C	3c746492-fb0f-48f4-980e-64772497c53b	467976	1387	0:416 9606:4 0:211 467976:5 0:717	Bacteria|Actinomycetota|Acidimicrobiia|Acidimicrobiales|Iamiaceae|Iamia|Iamia majanohamensis
U	f8292d5d-d886-4240-9286-84673dc66d5f	0	1691	0:1657	||||||
U	a7555e2a-5bd0-4cfa-a0f8-f0eced3a4ea4	0	3163	0:3129	||||||
U	8aabff05-054f-42b6-b35b-aa2dc03b8c60	0	1840	0:1806	||||||
U	dcb39b71-189a-46b5-a298-7a2ec139e50e	0	1826	0:1792	||||||
U	c82c8a2d-94e7-4104-bdc1-4d974a78f919	0	2803	0:2769	||||||
U	24841d27-efe5-486a-90eb-012069917450	0	2798	0:2764	||||||
U	666d605f-605f-4426-b06f-b5a130a0a7ba	0	2362	0:2328	||||||
U	8cfa95b3-321b-4f18-b5b8-da7f12eaca07	0	1970	0:1936	||||||
U	4da9356c-0282-45b5-94b0-b723eafd3eb8	0	1629	0:1595	||||||
C	9958e229-6c50-428a-b769-93c34d79cad1	9606	2526	0:148 9606:1 0:11 9606:5 0:183 9606:4 0:14 9606:5 0:72 9606:8 0:46 9606:3 0:30 9606:2 0:104 9606:4 0:19 9606:2 0:40 9606:5 0:63 9606:7 0:83 9606:2 0:11 9606:3 0:23 9606:1 0:8 9606:5 0:13 9606:1 0:6 9606:1 0:10 9606:5 0:4 9606:1 0:40 9606:1 0:81 9606:5 0:2 9606:2 0:28 9606:5 0:4 9606:5 0:15 9606:5 0:21 9606:2 0:5 9606:5 0:21 9606:5 0:24 9606:1 0:8 9606:5 0:39 9606:1 0:2 9606:5 0:3 9606:5 0:4 9606:2 0:29 9606:3 0:88 9606:2 0:8 9606:2 0:6 9606:1 0:5 9606:2 0:37 9606:5 0:48 9606:5 0:8 9606:1 0:1 9606:5 0:57 9606:5 0:14 9606:4 0:12 9606:3 0:24 9606:3 0:9 9606:4 0:17 9606:1 0:17 9606:4 0:8 9606:1 0:10 9606:2 0:40 9606:1 0:5 9606:1 0:19 9606:4 0:5 9606:1 0:14 9606:4 0:13 9606:3 0:103 9606:5 0:5 9606:2 0:1 9606:5 0:51 9606:1 0:56 9606:6 0:17 9606:1 0:46 9606:1 0:11 9606:5 0:1 9606:5 0:12 9606:3 0:13 9606:5 0:7 9606:3 0:43 9606:5 0:154 9606:5 0:6 9606:3 0:46	Eukaryota|Chordata|Mammalia|Primates|Hominidae|Homo|Homo sapiens
U	a594380b-785b-4f62-9877-bf65e77fdc86	0	3065	0:3031	||||||
U	0bb4399c-385d-47f3-a30f-fde696c2ac4f	0	513	0:479	||||||
C	b19cc309-0b7d-49e5-a3a4-554a1914d502	9606	1954	0:1682 9606:5 0:70 33154:5 0:158	Eukaryota|Chordata|Mammalia|Primates|Hominidae|Homo|Homo sapiens
U	ee42e8bc-a902-4600-bbce-e4d157cadc8e	0	728	0:694	||||||
U	dba9250d-7002-45f0-91fd-27013f11054a	0	2587	0:149 1071378:5 0:2399	||||||
U	7330319f-50e1-4793-a257-0aab24d254c1	0	2703	0:2669	||||||
C	42cb760a-aed6-4f78-8582-0d530c73d90b	9606	1855	0:191 9606:5 0:633 9606:5 0:65 9606:5 0:541 9606:5 0:371	Eukaryota|Chordata|Mammalia|Primates|Hominidae|Homo|Homo sapiens
U	f9d2dc9a-236c-40ed-820d-0bebc953b27c	0	1417	0:1383	||||||
C	2ce83930-aaa4-4c36-a4cc-7c5ecc7287e2	5866	2304	0:1922 131567:4 0:152 5866:1 0:12 5866:5 0:2 5866:3 0:16 131567:1 0:81 131567:4 0:67	Eukaryota|Apicomplexa|Aconoidasida|Piroplasmida|Babesiidae|Babesia|Babesia bigemina
U	ca507fdf-89f7-42fd-ae68-59e399923171	0	2165	0:2131	||||||
U	624128b6-a59c-4616-979d-dcd25ff0f0ee	0	622	0:588	||||||
U	80e0cb14-a118-4da2-9ed6-7fe92a419af3	0	1567	0:1533	||||||
C	1a929ba8-6773-41f1-8fc9-c2a5cf2d48a4	9606	1102	0:422 9606:3 0:300 9606:3 0:17 9606:4 0:319	Eukaryota|Chordata|Mammalia|Primates|Hominidae|Homo|Homo sapiens
U	68b23ccf-de28-4087-bf1b-92c686e36286	0	2589	0:2555	||||||
U	da6c3aaa-fb5a-4c31-ae3c-1cc45b3dd6af	0	789	0:755	||||||
U	b6069c8b-97ed-4383-8958-36a38579654f	0	4033	0:3999	||||||
C	71903e1d-ff00-47f2-8ede-5aa7b35ac861	9606	3348	0:712 9606:5 0:1509 9606:5 0:1083	Eukaryota|Chordata|Mammalia|Primates|Hominidae|Homo|Homo sapiens
U	335c2ac5-3999-443c-a058-65a89490fce1	0	1935	0:1901	||||||
U	9c8201b8-e16a-4a93-9768-cbdecc5d273c	0	343	0:309	||||||
U	7e88396d-f51f-460e-ab3e-820e737b46a7	0	2269	0:2235	||||||
U	4881e776-11e3-479f-9195-1477cfab33b7	0	1617	0:1583	||||||
U	5170605c-ced1-47ed-9be4-147723405318	0	1881	0:266 1071378:5 0:1576	||||||
U	e3a98c91-443d-4bb4-8010-14a1da022099	0	1910	0:1670 1071378:5 0:201	||||||
U	250a5da9-0261-42cd-b1cd-4c5b61cf86ec	0	368	0:334	||||||
U	da3cad7b-cd7d-4f23-96dd-4279a4bed48f	0	1307	0:1273	||||||
U	ba5275ca-af42-41d6-b24c-e86ce14686f0	0	1324	0:1290	||||||
U	80774d6c-231e-49a6-989a-a2f7d3ec4423	0	521	0:487	||||||
U	d6b11789-50b0-4191-8fb1-3219694d68d4	0	581	0:506 2714924:5 0:36	||||||
U	7dc6d428-705e-4503-a2f9-6ca61ad27c22	0	1568	0:1534	||||||
U	9c879188-6bd7-4c15-8a14-b71a6809314a	0	1586	0:1552	||||||
U	57499a1b-4228-4698-9de5-1e5a48947493	0	842	0:808	||||||
U	8fa4ccd3-5dc2-4fdc-8e29-5db297c3f2bb	0	2838	0:2804	||||||
U	67ec5a5a-1c18-473f-a5c0-b3baac01fa1c	0	979	0:945	||||||
U	c668fed8-7a41-4fe2-a0d3-1e0f9df6c2a2	0	3485	0:3451	||||||
U	33ba9e0c-6455-4119-b174-26d0c69a73c1	0	2199	0:2165	||||||
U	bf901bcd-1eea-41d2-8ed2-e5e3249b3229	0	933	0:615 9606:3 0:281	||||||
U	4dc53c9a-dfb5-45bf-8d93-2b340ae7de5f	0	2188	0:1467 926550:1 0:686	||||||
C	108b865f-56f7-4e61-995e-741c386b1ab1	9606	371	0:112 9606:1 0:81 9606:5 0:16 131567:3 0:30 9606:5 0:1 9606:5 0:12 9606:3 0:63	Eukaryota|Chordata|Mammalia|Primates|Hominidae|Homo|Homo sapiens
U	5f0630b1-bdcc-4143-9df8-5069f52ad279	0	2007	0:1973	||||||
U	1922d69b-9025-4f41-ad32-a913a19fcd85	0	1810	0:1776	||||||
U	d20f7aa8-bbbc-4401-a645-9539e155a37b	0	1698	0:1664	||||||
U	ede13dae-76df-4628-8a7d-69ef39ecc123	0	1849	0:1815	||||||
U	1318ffef-8fab-4807-ab65-25f8e3613dc9	0	1839	0:1805	||||||
U	50dbd302-7f95-45e4-9134-8ac1414facc0	0	3210	0:3176	||||||
U	924e2707-28a7-480a-ab66-019cab9fa79c	0	2005	0:1971	||||||
U	ffa8f54b-30f1-4ef6-ab49-4858681362ef	0	844	0:810	||||||
C	0626d077-0caf-48be-9079-cd5fda43a659	1491	1774	0:699 1491:2 0:123 131567:6 0:910	Bacteria|Bacillota|Clostridia|Eubacteriales|Clostridiaceae|Clostridium|Clostridium botulinum
U	d174eff9-cc9c-4e4f-b57c-802016dabe3f	0	3296	0:545 9606:5 0:2712	||||||
U	415497e2-6f1d-4448-a6e4-747a8edb47b2	0	3315	0:3281	||||||
U	abfeba1e-2fad-4d8e-af9e-0bcd7b20e82f	0	1016	0:982	||||||
U	c8437f65-23b6-4b2f-aae5-39c8cb3ce1f9	0	1770	0:1736	||||||
U	6323f5f4-9f0a-4bd4-8543-b6eee7a5f8a9	0	1131	0:662 9606:5 0:430	||||||
U	e8962a59-8c81-4961-87b1-8d205a787c82	0	1144	0:1110	||||||
U	9ed3a20f-76e0-4e91-bafd-b4c601bbffdc	0	1242	0:1208	||||||
U	c25c0d50-a4ab-4166-bd4a-db18fa8b90b3	0	916	0:882	||||||
U	f5367bec-be4e-4f90-8c96-8e916f1940cb	0	2008	0:516 2782232:5 0:1453	||||||
U	58089574-2b42-42bb-850a-c42c5d315a0d	0	2206	0:2172	||||||
U	4c756492-8501-48b3-8007-0b118c92ab1a	0	1575	0:1541	||||||
U	b4c2367e-5395-46cc-ac43-824392d186c1	0	2718	0:2684	||||||
U	4732ce89-ac1d-49d9-9c97-cadaa9d9472c	0	2805	0:2771	||||||
U	55b3aa93-e321-46c4-bec3-2dece24e4988	0	299	0:265	||||||
U	d88f3566-5ab9-4c15-98cb-18c6b37f3b68	0	2824	0:2790	||||||
U	f67ae122-90e1-473a-b67a-063376281977	0	1605	0:1571	||||||
U	1d3b9424-df7d-4b5b-9f5c-79e11c663677	0	3011	0:2977	||||||
U	dc72098d-fda8-4af9-a584-e9cb8b458b6a	0	3409	0:2694 9606:2 0:679	||||||
U	716d67c0-ebab-4dea-8b68-01ef6b5f81c8	0	532	0:498	||||||
U	ec671809-641b-4f82-8234-dc51e0de6b78	0	1912	0:1878	||||||
U	9e97ede3-bd85-4406-8c2c-09f156ae11bd	0	2513	0:2479	||||||
U	0fd50ee1-6731-489c-9930-34d7e7901c83	0	261	0:227	||||||
U	c1c1fb69-7cae-4d19-8e86-eeea537eb205	0	2462	0:2428	||||||
C	0a3f7d55-0b4d-465b-a6c9-43cd1ea52b80	9606	1411	0:1138 9606:3 0:39 9606:2 0:195	Eukaryota|Chordata|Mammalia|Primates|Hominidae|Homo|Homo sapiens
C	d6825a85-8d40-4ac0-b1cf-e6306bf74ca8	9606	1893	0:112 9606:1 0:119 9606:7 0:4 9606:5 0:69 9606:1 0:6 9606:2 0:16 9606:2 0:22 9606:1 0:2 9606:3 0:5 9606:1 0:69 9606:3 0:16 9606:1 0:328 9606:2 0:1 9606:2 0:11 9606:5 0:3 9606:5 0:53 9606:5 0:12 9606:4 0:5 9606:1 0:8 9606:2 0:66 9606:3 0:154 9606:5 0:71 9606:3 0:15 9606:2 0:99 9606:3 0:78 9606:1 0:14 9606:5 0:42 9606:1 0:7 9606:2 0:8 9606:5 0:31 9606:2 0:25 9606:2 0:13 9606:5 0:56 9606:5 0:3 9606:2 0:1 9606:5 0:10 9606:3 0:53 9606:1 0:38 9606:9 0:97	Eukaryota|Chordata|Mammalia|Primates|Hominidae|Homo|Homo sapiens
U	eee576d0-ceaf-461e-9103-f959c9fee0c8	0	1822	0:1788	||||||
C	08fd8ca4-8828-41e5-8d40-e4bbbcf23bdb	9606	2400	0:549 2077090:1 0:42 9606:5 0:725 3029174:5 0:82 9606:1 0:637 9606:2 0:317	Eukaryota|Chordata|Mammalia|Primates|Hominidae|Homo|Homo sapiens
U	52478d8c-7c14-4421-b7ee-bcf594f22252	0	886	0:852	||||||
U	cccbe652-67dc-47fe-939f-00b142180f13	0	1185	0:1151	||||||
U	2771e9c8-6974-4ed5-ae63-ce0319a5dc8e	0	374	0:340	||||||
U	73e02d53-62de-42d0-b5b9-ec4e38ab1909	0	571	0:537	||||||
U	077ccca7-b49f-4802-bb17-31460b29bec5	0	588	0:554	||||||
U	bb2fd197-4dad-4cea-befd-8502a8f6fd31	0	2186	0:2152	||||||
U	234a5b42-3538-4a68-86cc-7755dfbb2f15	0	3774	0:2613 647221:1 0:1126	||||||
U	d8a6fd5f-81bb-4b01-a0cd-71ab11b2f070	0	1107	0:1073	||||||
U	44bc3be0-d2bd-4685-8c4c-fb76a1865252	0	505	0:471	||||||
U	6013b14f-5dee-4c3f-aaf5-e99b7494076f	0	331	0:297	||||||
U	a98be2c2-09d8-4f3a-be00-93a0c794c0f4	0	544	0:510	||||||
U	c69b642e-1c42-4bfe-bc4b-15d0c90944c7	0	637	0:603	||||||
U	de081ee8-2b97-4fca-b3f4-a658a0d854a4	0	2500	0:2466	||||||
U	77fcaadf-8ce1-41c6-8dea-279af20a0398	0	775	0:600 9606:1 0:140	||||||
U	aa45a207-6ac0-4a50-a0c0-702a2e434840	0	2727	0:2693	||||||
U	3e7dc455-3491-4110-8d4a-6bfb1e51220a	0	465	0:431	||||||
U	0010a831-353a-4a94-9e81-09ea2e42f531	0	398	0:364	||||||
U	f74cf6ba-fe67-4705-a570-50d3d085bf67	0	4178	0:4144	||||||
C	5d8f1c7c-392d-401d-86cd-1232c72e7e28	9606	2079	0:1065 9606:5 0:80 9606:14 0:7 9606:3 0:871	Eukaryota|Chordata|Mammalia|Primates|Hominidae|Homo|Homo sapiens
U	c15131f2-dc3e-4124-8de4-76d8593afe0d	0	2809	0:2775	||||||
U	6829cada-bcda-487c-afd6-38094f6dc90d	0	2506	0:1750 192944:5 0:717	||||||
U	f273f129-0425-4b37-9457-b0ca6c3bee74	0	483	0:449	||||||
U	6acaa696-4d14-42a3-ab5c-500cf7723b15	0	456	0:422	||||||
U	7dc5a350-2e67-4073-b5d5-1cc33c71ec7e	0	995	0:961	||||||
C	45f57a0b-91be-4685-a645-ac4f1f656de3	9606	1094	0:931 9606:6 0:123	Eukaryota|Chordata|Mammalia|Primates|Hominidae|Homo|Homo sapiens
U	33f96134-914b-407e-9b4d-bad6bfe10e32	0	1923	0:1889	||||||
U	951183a9-3836-4a0e-abb7-aa8e6ceb8627	0	1933	0:1899	||||||
C	f5095929-26f2-492f-b65f-a3eb9347595f	9606	2888	0:966 9606:3 0:1591 9606:3 0:291	Eukaryota|Chordata|Mammalia|Primates|Hominidae|Homo|Homo sapiens
U	277b429e-5fb3-4b04-924d-e46b0c3ed321	0	1474	0:1440	||||||
C	f829438d-6c66-49a4-9161-d420db3273af	9606	1857	0:1263 9606:4 0:8 9606:5 0:12 9606:5 2759:3 0:523	Eukaryota|Chordata|Mammalia|Primates|Hominidae|Homo|Homo sapiens
C	9a89f7ea-3e12-4261-b61f-d3c0ca62e418	9606	3746	0:1372 9606:2 0:12 9606:4 0:2322	Eukaryota|Chordata|Mammalia|Primates|Hominidae|Homo|Homo sapiens
U	319678c5-fdcd-40c9-9071-9d665e725097	0	1510	0:1476	||||||
U	926c56d5-60b1-44cc-a49e-4cdbf0672c17	0	598	0:564	||||||
U	c5d0c69d-3ff0-42e3-a7ee-34e98c37372e	0	1154	0:1120	||||||
U	32b7651f-fffc-4e40-b2bd-8f80e0d982ae	0	2531	0:2497	||||||
U	cf3cae76-61d2-4a77-a154-32f126cb1c0c	0	566	0:532	||||||
U	feed745e-4463-42e0-8d78-b25c09805c8c	0	2131	0:1405 9606:2 0:690	||||||
U	eef9d69c-6ab5-4b04-9d59-0bdc1f79210f	0	602	0:568	||||||
U	4df487e8-dde1-4191-bcc4-57995cb21b13	0	253	0:219	||||||
U	4e0742e3-9e30-4387-9284-e6927934e4b3	0	2379	0:2345	||||||
U	e3230040-00dd-452c-a8bd-ce8995904956	0	2375	0:2341	||||||
C	e147ac34-594f-438d-a0ed-2ed469b123b3	9606	1752	0:122 9606:7 0:1589	Eukaryota|Chordata|Mammalia|Primates|Hominidae|Homo|Homo sapiens
U	2a8cb6db-889d-4560-81aa-b3d476ee7f0b	0	2380	0:1264 122358:1 0:1081	||||||
U	7adfd38a-ae3c-4411-9ad7-c6b1d7cd6769	0	482	0:448	||||||
U	ab5a71b3-cd25-482b-b3b1-83bbc9d08063	0	2727	0:2693	||||||
U	68fc553d-b877-4cd1-b432-fff8039389d5	0	2736	0:2702	||||||
U	bd58b437-0e1b-4995-9e99-45fb86085b9e	0	590	0:556	||||||
U	60092290-e5fc-43f8-b62c-5533473564d9	0	2254	0:2220	||||||
U	d1ab5728-09b0-45ff-a058-e13ac3bf5e85	0	2731	0:2697	||||||
U	2c2576f6-4d2c-4d13-8ba2-8fcb083a27e9	0	559	0:525	||||||
U	81fb50a3-0ff9-41d3-83ae-04e6e5a64129	0	415	0:381	||||||
U	42f2939b-4502-44be-abca-9ed31475a238	0	338	0:304	||||||
U	96673971-29cd-4466-9f74-3489544e130a	0	1954	0:1920	||||||
U	d2f008db-3c1d-4da2-a582-4387c6d7fe49	0	579	0:545	||||||
U	845823dd-d63c-4c56-94f2-0160b6d4d387	0	3220	0:3186	||||||
U	ac9f0fd9-3d43-410e-8197-0262c70f795f	0	1936	0:1902	||||||
U	11120d8d-ce06-43bb-b360-214ae6180b75	0	553	0:519	||||||
U	13c3544c-e16c-4ec3-809d-8cbf14f4ea00	0	549	0:515	||||||
U	7d02b55e-cbc9-4022-b7d7-18beb98efd8d	0	618	0:584	||||||
U	ec5780f1-2338-4da7-ac36-0b3462409b0a	0	2253	0:2219	||||||
U	c4a75625-2352-4e78-aa0c-138a36e5acd3	0	2969	0:2935	||||||
U	1a21f72c-5284-451e-b47c-77ed260202eb	0	322	0:288	||||||
U	5de56716-b7ed-4b96-b476-0e63f50414dd	0	3384	0:749 9606:3 0:2598	||||||
U	90050479-6138-4b74-b606-f9e17bdee8af	0	796	0:762	||||||
U	59f1b4be-739f-49e0-a63e-4722a9cdd0c5	0	2701	0:2667	||||||
U	8ed1a9b8-403b-40f0-b906-5ac64ffd5895	0	2085	0:2051	||||||
C	0a304292-20d4-42bf-824f-8bd60ca5fc91	1491	2747	0:491 1491:1 0:11 1491:5 0:2205	Bacteria|Bacillota|Clostridia|Eubacteriales|Clostridiaceae|Clostridium|Clostridium botulinum
U	478138af-7a6f-4a2e-9a17-f405d2878b77	0	2379	0:2345	||||||
U	0e730613-d537-47f6-a5c0-e467dde4499c	0	822	0:788	||||||
U	00ff31d5-7fef-42bc-ba93-08f49d2a42f2	0	4064	0:4030	||||||
U	ba8bf145-86ce-4136-b4d9-a2a9bd300a2d	0	361	0:327	||||||
U	9427a33f-19f7-42f2-b810-e31799fcb2d6	0	2252	0:2218	||||||
U	e6a21b85-860e-4687-883d-c3a232ac2f3d	0	2052	0:2018	||||||
U	56dc5c58-b8df-468e-a28a-5ddd7c0695c9	0	1815	0:1781	||||||
C	6f95a51e-13d1-4b42-bc61-ecaa23eb5421	5866	4307	0:1710 5866:5 0:40 131567:1 0:2517	Eukaryota|Apicomplexa|Aconoidasida|Piroplasmida|Babesiidae|Babesia|Babesia bigemina
U	e433c189-8af3-4a4d-b5d9-01e114fb5124	0	504	0:470	||||||
U	65f58d56-a170-4af9-ac4f-f62bfc879224	0	2147	0:2113	||||||
U	29846447-dee7-44b0-a2a2-9222c9facb67	0	425	0:391	||||||
U	55beb59a-c282-41b5-94a7-a610920ff8b9	0	2299	0:1280 1813182:3 0:982	||||||
U	1acf0fa5-212a-4ad7-90fd-4e90327ea5b3	0	403	0:369	||||||
U	d853d3c4-5ce0-48a5-a7bd-0630d4f84bb7	0	3279	0:3245	||||||
U	5d86f714-f78b-434e-9ae6-98fedbb0a419	0	3283	0:3249	||||||
U	d112eaf1-f8ad-49a1-a485-a18e4d30373b	0	484	0:450	||||||
U	05a753f9-10f2-48aa-a652-5a3d6b63656d	0	483	0:449	||||||
U	9512283c-81af-48fd-ba0a-433732159df5	0	785	0:751	||||||
U	e2cea661-48a0-464e-8c76-c6b3f420a23b	0	3597	0:3563	||||||
U	9d45f224-cebb-4c66-8137-31c431df4080	0	3616	0:3582	||||||
U	e311adf7-5451-4cc7-b375-3afe08b07b85	0	897	0:863	||||||
C	1cacea88-9bbf-4c24-adeb-deb977349c18	1491	4230	0:880 131567:3 0:722 131567:2 0:13 131567:5 0:6 131567:1 0:34 1491:2 0:5 131567:2 0:113 1491:4 0:142 1491:4 0:2258	Bacteria|Bacillota|Clostridia|Eubacteriales|Clostridiaceae|Clostridium|Clostridium botulinum
U	0b45d31f-7da8-49cf-a9f1-4b6535cfcd8a	0	610	0:576	||||||
U	39944dd1-e1ce-419b-87bb-cfdc703b80f0	0	568	0:534	||||||
U	58cd5901-d1d6-4d98-9517-9e75d3d2e5d8	0	2667	0:2633	||||||
U	75d116d5-643a-4250-9d45-cb5272f9413d	0	2171	0:2137	||||||
U	155eaaaa-907a-4c59-a693-53cf995dc2e9	0	423	0:182 9606:3 0:204	||||||
U	12156608-25b7-4c78-99d7-bd4eff54b5ff	0	441	0:407	||||||
U	0c8d7134-880f-4704-b2ab-aadcf4d34c12	0	358	0:324	||||||
U	f860c38a-7284-453f-8bde-5344c4fd40b5	0	3332	0:3298	||||||
