C	97d4828b-09c6-4a79-a61e-a2936d89b71d	9606	2976	0:96 9606:1 0:9 9606:3 0:25 9606:3 0:26 9606:2 0:3 9606:5 0:35 9606:2 0:31 9606:5 0:4 9606:4 0:103 9606:1 0:109 9606:3 0:2 9606:1 0:14 9606:6 0:95 9606:1 0:5 9606:1 0:85 9606:5 0:7 9606:5 0:2 9606:5 0:11 9606:6 0:15 9606:5 0:23 9606:1 0:49 9606:3 0:52 9606:5 0:261 9606:2 0:1 9606:7 0:6 9606:1 0:4 9606:5 0:10 9606:2 0:151 9606:5 0:3 9606:5 0:27 9606:5 0:19 9606:1 0:22 9606:1 0:19 9606:1 0:5 9606:1 0:10 9606:1 0:34 9606:5 0:7 9606:5 0:1 9606:5 0:73 9606:1 0:75 9606:7 0:39 9606:1 0:101 9606:1 0:39 9606:1 0:2 9606:5 0:10 9606:5 0:50 9606:1 0:31 9606:1 0:13 9606:1 0:1 9606:5 0:20 9606:7 0:29 9606:5 0:59 9606:1 0:26 9606:5 0:82 9606:3 0:24 9606:2 0:9 9606:2 0:16 9606:2 0:9 9606:9 0:114 9606:5 0:8 9606:5 0:32 9606:2 0:38 9606:5 0:39 9606:6 0:63 9606:1 0:105 9606:1 0:40 9606:2 0:10 9606:4 0:1 9606:1 0:13 9606:3 0:18 9606:5 0:10 9606:6 0:5 9606:5 0:58 9606:2 0:56
C	2b6c6009-e794-4206-b141-5bcbd48ecb66	9606	2981	0:108 9606:1 0:9 9606:3 0:53 9606:2 0:3 9606:5 0:68 9606:5 0:4 9606:4 0:132 9606:5 0:22 9606:3 0:8 9606:1 0:248 9606:5 0:7 9606:5 0:2 9606:5 0:11 9606:6 0:15 9606:5 0:23 9606:1 0:49 9606:3 0:124 9606:5 0:2 9606:2 0:6 9606:2 0:36 9606:6 0:147 9606:2 0:1 9606:7 0:6 9606:1 0:4 9606:5 0:10 9606:2 0:152 9606:5 0:3 9606:5 0:27 9606:5 0:19 9606:1 0:22 9606:1 0:19 9606:1 0:5 9606:1 0:10 9606:1 0:34 9606:5 0:7 9606:3 0:80 9606:1 0:75 9606:7 0:39 9606:1 0:53 9606:1 0:33 9606:1 0:111 9606:1 0:31 9606:1 0:13 9606:1 0:1 9606:5 0:20 9606:7 0:29 9606:5 0:58 9606:1 0:26 9606:5 0:40 9606:1 0:42 9606:3 0:24 9606:2 0:9 9606:2 0:16 9606:2 0:9 9606:9 0:67 9606:4 0:45 9606:5 0:8 9606:5 0:5 9606:2 0:19 9606:1 0:5 9606:3 0:81 9606:6 0:120 9606:5 0:45 9606:1 0:40 9606:2 0:10 9606:4 0:1 9606:1 0:13 9606:3 0:18 9606:5 0:10 9606:6 0:5 9606:5 0:117
U	561e0d5b-bb6e-47d1-b406-758a830eb8f0	0	2429	0:2395
U	e444979e-02ab-4b21-b68f-28f23e9ab5a8	0	2403	0:2369
U	3e928b1c-5233-4746-9ec0-0399d728d8e2	0	1429	0:1395
U	0a213c54-a517-43ec-9830-bdda87234983	0	1562	0:1528
U	e43a1d13-c598-4a57-bd6d-2b8845d06095	0	1323	0:1289
C	eb2d0788-32e3-4da0-8ac1-92bcd6c1ec33	9606	1580	0:128 9606:5 0:4 9606:2 0:2 9606:1 0:5 9606:3 0:96 9606:5 0:9 9606:5 0:111 9606:2 0:5 9606:5 0:11 9606:5 0:3 9606:6 0:26 9606:2 0:7 9606:2 0:10 9606:2 0:13 9606:6 0:53 9606:1 0:63 9606:2 0:84 9606:2 0:25 9606:5 0:2 9606:1 0:33 9606:5 0:41 9606:5 0:21 9606:5 0:7 9606:2 0:71 9606:1 0:42 9606:3 0:4 9606:5 0:49 9606:3 0:5 9606:1 0:26 9606:1 0:1 9606:4 0:99 9606:1 0:12 9606:2 0:53 9606:5 0:4 9606:7 0:25 9606:1 0:120 9606:1 0:13 2759:3 0:34 9606:5 0:107
C	e70e1775-d3f8-46bd-8e53-464df95ab7d4	9606	3881	0:182 9606:5 0:55 9606:1 0:76 9606:2 0:72 9606:5 0:12 9606:1 0:20 9606:5 0:6 9606:5 0:12 9606:5 0:32 9606:5 0:4 9606:1 0:21 9606:2 0:22 9606:4 0:28 9606:5 0:12 9606:5 0:3 9606:3 0:3 9606:1 0:24 9606:1 0:13 9606:9 0:7 9606:5 0:39 9606:1 0:37 9606:5 0:40 9606:2 0:65 9606:3 0:167 9606:5 0:17 9606:1 0:62 9606:2 0:6 9606:4 0:20 9606:3 0:92 9606:11 0:196 9606:2 0:3 9606:7 0:62 9606:1 0:62 9606:4 0:16 9606:5 0:6 9606:1 0:121 9606:2 0:11 9606:5 0:25 9606:4 0:23 9606:4 0:6 9606:1 0:33 9606:5 0:37 9606:2 0:11 9606:3 0:68 9606:1 0:56 9606:5 0:32 9606:2 0:161 9606:5 0:54 9606:5 0:46 9606:5 0:3 9606:1 0:123 9606:4 0:64 9606:1 0:24 9606:3 0:5 9606:3 0:21 9606:5 0:85 9606:4 0:2 9606:2 0:44 9606:3 0:17 9606:1 0:85 9606:1 0:26 9606:1 0:19 9606:5 0:101 9606:2 0:13 9606:2 0:51 9606:2 0:38 9606:7 0:49 9606:1 0:24 9606:2 0:19 9606:5 0:1 9606:5 0:224 9606:2 0:11 9606:1 0:66 9606:1 0:37 9606:5 0:44 9606:7 0:32 9606:1 0:57 9606:5 0:27 9606:1 0:98
C	1368d56f-face-47a4-8881-56cfa8b25e3c	9606	3881	0:148 9606:1 0:275 9606:1 0:6 9606:1 0:297 9606:1 0:41 9606:7 0:40 9606:2 0:28 9606:1 0:184 9606:1 0:104 9606:3 0:12 9606:1 0:15 9606:1 0:110 9606:5 0:125 9606:4 0:122 9606:1 0:3 9606:5 0:46 9606:5 0:218 9606:2 0:32 9606:5 0:56 9606:1 0:67 9606:3 0:11 9606:2 0:37 9606:5 0:6 9606:1 0:12 9606:5 0:10 9606:1 0:6 9606:4 0:23 9606:4 0:78 9606:3 0:177 9606:1 0:63 9606:7 0:3 9606:2 0:65 9606:5 0:3 9606:1 0:5 9606:1 0:7 9606:4 0:208 9606:3 0:20 9606:4 0:6 9606:2 0:63 9606:1 0:17 9606:5 0:167 9606:3 0:31 9606:6 0:31 9606:2 0:116 9606:5 0:7 9606:9 0:13 9606:1 0:24 9606:1 0:3 9606:3 0:3 9606:5 0:12 9606:5 0:133 9606:5 0:6 9606:5 0:55 1581557:2 0:130 9606:1 0:25 9606:5 0:26 9606:5 0:57 9606:2 0:82
U	549e75ec-c326-40bb-8491-dccc157b4f42	0	3639	0:642 9606:3 0:2960
C	763187bb-53f7-448b-80c3-ba370902c6e9	9606	3167	0:115 9606:5 0:45 9606:1 0:43 9606:4 0:112 9606:5 0:49 9606:3 0:7 9606:2 0:12 9606:5 0:21 9606:5 0:29 9606:3 0:9 9606:2 0:23 9606:4 0:12 9606:1 0:9 9606:3 0:21 9606:5 0:18 9606:3 0:109 9606:3 0:102 9606:5 0:50 9606:5 0:7 9606:1 0:2 9606:3 0:21 9606:2 0:75 9606:5 0:22 9606:5 0:40 9606:5 0:10 9606:2 0:12 9606:5 0:15 9606:1 0:39 9606:2 0:2 9606:1 0:1 9606:5 0:7 9606:2 0:10 9606:5 0:8 9606:2 0:73 9606:7 0:5 9606:2 0:123 9606:4 0:34 9606:6 0:24 9606:5 0:71 9606:6 0:29 9606:4 0:7 9606:7 0:44 9606:5 0:7 9606:7 0:90 9606:2 0:56 9606:1 0:34 9606:1 0:11 9606:1 0:59 9606:1 0:78 9606:5 0:7 9606:5 0:32 9606:7 0:114 9606:1 0:43 9606:3 0:22 9606:5 0:11 9606:4 0:37 9606:1 0:75 9606:2 0:5 9606:5 0:11 9606:3 0:10 9606:3 0:137 9606:2 0:118 9606:1 0:6 9606:3 0:9 9606:2 0:59 9606:3 0:5 9606:4 0:14 9606:2 0:30 9606:5 0:3 9606:1 0:53 9606:1 0:5 9606:4 0:22 9606:1 0:19 9606:1 0:13 9606:4 0:24 9606:4 0:68 9606:1 0:18 131567:5 0:19 9606:5 0:80
C	97018efa-3f97-4202-9249-30a6ad5fc679	9606	2651	0:116 9606:1 0:44 9606:1 0:41 9606:3 0:33 9606:2 0:103 9606:5 0:67 9606:3 0:18 9606:5 0:88 9606:7 0:26 9606:8 0:13 9606:2 0:3 9606:2 0:19 9606:7 0:9 9606:5 0:101 9606:8 0:34 9606:5 0:145 9606:1 0:3 9606:5 0:65 9606:5 0:34 9606:1 0:172 9606:5 0:3 9606:1 0:8 9606:5 0:14 9606:4 0:121 9606:5 0:118 9606:5 0:58 9606:5 0:6 9606:7 0:31 9606:4 0:23 9606:5 0:94 9606:2 2759:1 0:10 9606:5 0:26 9606:2 0:57 9606:6 0:12 9606:5 0:7 9606:5 0:7 9606:1 0:64 9606:5 0:47 9606:6 0:28 9606:3 0:131 9606:2 0:13 9606:5 0:1 9606:1 0:32 9606:5 0:12 9606:5 0:15 9606:4 0:59 9606:4 0:36 9606:10 0:24 9606:3 0:74 9606:2 0:5 9606:2 0:5 9606:5 0:5 9606:2 0:124
C	494429cb-c22b-4017-a54e-b7cb61b69dea	9606	2921	0:118 9606:3 0:9 9606:2 0:98 9606:4 0:9 9606:2 0:14 9606:3 0:15 9606:5 0:16 9606:5 0:36 9606:5 0:9 9606:1 0:58 9606:2 0:10 9606:5 0:2 9606:5 0:2 9606:2 0:95 9606:3 0:90 9606:5 0:35 9606:3 0:55 9606:2 0:18 9606:2 0:9 9606:1 0:18 9606:5 0:4 9606:3 0:11 9606:1 0:66 9606:8 0:40 9606:2 0:17 9606:5 0:3 9606:2 0:5 9606:6 0:22 9606:1 0:73 9606:1 0:9 9606:1 0:11 9606:1 0:57 9606:5 0:64 9606:5 0:31 9606:2 0:30 9606:1 0:4 9606:5 0:22 9606:6 0:11 9606:2 0:14 9606:5 0:206 9606:1 0:5 9606:5 0:5 9606:5 0:52 9606:5 0:42 9606:5 0:60 9606:5 0:123 9606:1 0:4 9606:5 0:9 9606:2 0:30 9606:3 0:62 9606:1 0:41 9606:5 0:5 9606:3 0:53 9606:5 0:32 9606:5 0:1 9606:1 0:3 9606:7 0:232 9606:1 0:33 9606:5 0:36 9606:1 0:5 9606:3 0:25 9606:2 0:68 9606:4 0:82 9606:9 0:43 9606:2 0:17 9606:1 0:25 9606:4 0:75 9606:5 0:75
C	fd48b6e8-e68a-4e6c-b1cb-d362c232127e	1280	2921	0:133 1279:5 0:83 1279:5 0:19 1279:5 0:43 1279:5 0:7 1279:2 0:63 1279:3 0:1 1279:3 0:41 1279:5 0:45 1279:1 0:16 1279:1 0:7 1279:2 0:10 1279:8 0:5 1279:2 0:2 1279:2 0:17 1279:6 0:10 1280:2 0:23 1280:2 0:7 1280:4 0:70 1280:5 0:7 1280:1 0:29 1279:5 0:4 1279:2 0:14 1279:1 0:34 1279:1 0:22 1279:3 0:46 1279:5 0:2 1279:5 0:38 1279:2 0:24 1279:2 0:151 1279:7 0:3 1279:5 0:3 1279:2 0:27 1279:3 0:7 1279:4 0:1 1279:3 0:8 1279:5 0:29 1279:3 0:40 1279:4 0:9 1279:1 0:41 1279:2 0:13 1279:5 0:52 1279:7 0:130 1279:2 0:98 1279:2 0:7 1279:2 0:13 1279:2 0:23 1279:2 0:3 1279:1 0:18 1279:5 0:26 1279:1 0:44 1279:3 0:5 1279:7 0:7 1279:3 0:64 1279:6 0:70 1279:1 0:95 1279:2 0:14 1279:4 0:103 1279:5 0:9 1279:3 0:5 1279:4 0:104 1279:4 0:29 1279:3 0:39 1279:2 0:64 1279:1 0:41 1279:1 0:34 1279:5 0:97 1279:2 0:110 1279:5 0:16 1279:5 0:1 1279:4 0:41 1279:4 0:12 1279:2 0:15 1279:4 0:10 1279:5 0:86
C	bcf6c30a-a559-43c4-81d5-b164a01fa0a6	9606	3277	0:185 9606:5 0:23 9606:1 0:34 9606:2 0:9 9606:5 0:26 9606:1 0:6 9606:1 0:25 9606:3 0:25 9606:9 0:5 9606:5 0:13 9606:5 0:26 9606:1 0:60 9606:1 0:52 9606:1 0:92 9606:5 0:45 9606:2 0:4 9606:2 0:47 9606:3 0:20 9606:7 0:19 9606:3 0:49 9606:5 0:12 9606:2 0:7 9606:2 0:237 9606:5 0:7 9606:11 0:57 9606:5 0:40 9606:5 0:45 9606:1 0:14 9606:2 0:37 9606:1 0:5 9606:2 0:17 9606:1 0:28 9606:2 0:10 9606:2 0:127 9606:4 0:8 9606:3 0:5 9606:1 0:5 9606:1 0:22 9606:1 0:17 9606:4 0:7 9606:7 0:21 9606:1 0:11 9606:5 0:13 9606:2 0:38 9606:1 0:11 9606:5 0:8 9606:3 0:5 9606:5 0:48 9606:6 0:153 9606:5 0:22 9606:1 0:64 9606:5 0:135 9606:4 0:65 9606:1 0:28 9606:1 0:5 9606:3 0:267 9606:5 0:1 9606:1 0:43 9606:5 0:46 9606:5 0:9 9606:5 0:7 9606:2 0:121 9606:1 0:8 9606:4 0:11 9606:3 0:19 9606:4 0:70 9606:7 0:19 9606:9 0:52 9606:3 0:34 9606:1 0:7 9606:5 0:6 9606:2 0:11 9606:4 0:16 131567:2 0:29 9606:5 0:16 9606:5 0:16 9606:5 0:5 9606:1 0:20 9606:3 0:47
C	5af59693-42ad-4c3f-9623-c16b32d72268	1747	6980	0:111 1747:5 0:11 1747:5 0:4 1747:6 0:185 1747:1 0:23 1747:3 0:19 1747:3 0:13 1747:5 0:13 1747:2 0:7 1747:1 0:26 1747:5 0:17 1747:3 0:36 1747:1 0:65 1747:3 0:159 1747:2 0:42 1912216:5 0:3 1747:3 0:75 1747:2 0:106 1760:2 0:18 1747:1 0:115 1747:5 0:33 1747:5 0:8 1760:3 0:21 1747:2 0:57 1747:8 0:8 1747:1 0:24 1747:1 0:43 1747:2 0:69 1747:3 0:10 1912216:3 0:19 1747:1 0:19 1747:2 0:5 1747:4 0:41 1747:2 0:32 1747:1 0:3 1747:5 0:10 1747:5 0:27 1747:4 0:16 1747:5 0:124 1747:5 0:62 1747:5 0:92 1747:1 0:152 1747:1 0:16 1912216:1 0:17 1747:1 0:100 1747:5 0:37 1747:5 0:145 1747:4 0:21 1747:2 0:11 1747:5 0:83 1747:4 0:32 1747:3 0:22 1747:4 0:29 1747:5 0:1 1747:5 0:6 1747:1 0:26 1747:5 0:71 1912216:5 0:5 1912216:3 0:13 1912216:5 0:60 1747:5 0:95 1747:1 0:45 1783272:1 0:13 1912216:5 1760:3 1747:5 0:31 85009:5 0:10 1747:2 0:5 1747:5 0:17 1747:4 0:44 1760:5 0:8 1760:1 0:10 1747:1 0:39 1912216:5 0:31 1747:3 0:36 1747:5 0:48 1747:4 0:35 1747:5 0:6 1747:5 0:26 1747:5 0:3 1747:5 0:6 1912216:3 0:28 1747:1 0:16 1912216:1 0:33 1912216:6 0:52 1912216:5 0:6 1912216:1 0:26 1747:1 0:36 1747:5 0:133 1747:2 0:111 1747:2 0:34 1747:1 0:59 1747:7 0:28 1747:6 0:61 1912216:5 0:45 1760:1 0:6 1912216:5 0:65 1747:5 0:77 1912216:5 0:71 1747:1 0:5 1747:5 0:102 1747:3 0:28 1747:5 0:4 1747:1 0:15 1747:9 0:154 1747:5 0:16 1747:4 0:39 1747:5 0:91 1747:5 0:79 1747:5 0:7 1747:1 0:42 1747:3 0:14 1747:1 0:93 1747:1 0:18 1747:1 0:12 1747:9 0:12 1747:3 0:73 1747:1 0:13 1747:8 0:97 1747:8 0:61 1747:6 0:63 1747:1 0:19 1747:1 0:53 1747:2 0:91 1747:3 0:55 1747:5 0:86 1747:1 0:79 1747:5 0:77 1747:5 0:10 1747:3 0:6 1747:5 0:14 1747:1 1912216:5 0:20 1747:1 0:26 1747:1 0:57 1747:1 0:27 1747:5 0:61 1747:3 0:6 1747:2 0:8 1747:1 0:7 1747:1 0:112 1747:7 0:149 1747:5 0:9 1747:3 0:30 1747:4 0:9 1747:5 0:83 1747:5 0:60 1747:5 0:69 1747:3 0:5 1747:1 1912216:1 0:8 1747:5 0:136
U	d7c7f980-754f-4d2d-8be2-24bf65cf6782	0	1477	0:1443
U	c0254314-33b5-4f33-9a2d-6dab5812377c	0	2286	0:2252
C	6300b86a-64e3-4991-aef5-3999d580a2c5	1729695	2897	0:464 1716:5 0:300 1760:2 0:826 2:2 0:438 1729695:4 0:6 85023:5 0:102 1760:1 0:13 1760:5 0:16 2:1 0:15 441500:1 0:657
U	d1caab34-a6b0-4a2d-ba5c-5fdea19e6eef	0	1818	0:1056 9606:3 0:725
C	df651215-5ea3-43e0-be91-a0a0c3097290	9606	4756	0:114 9606:1 0:79 9606:5 0:17 9606:7 0:7 9606:1 0:6 9606:5 0:29 9606:4 0:9 9606:2 0:31 9606:1 0:1 9606:3 0:27 9606:2 0:54 9606:5 0:34 9606:5 0:36 9606:1 0:8 9606:3 0:10 9606:6 0:104 9606:4 0:62 9606:2 0:20 9606:1 0:73 131567:5 0:45 9606:2 0:5 9606:2 0:29 9606:3 0:7 2759:5 0:90 9606:5 0:33 9606:2 0:26 9606:2 0:26 9606:5 0:46 9606:5 0:13 9606:1 0:84 9606:5 0:11 9606:1 0:46 9606:5 0:20 9606:5 0:46 9606:5 0:10 9606:2 0:152 9606:5 0:8 9606:2 0:16 9606:1 0:84 9606:2 0:5 9606:2 0:14 9606:3 0:4 9606:2 0:14 9606:1 0:14 9606:5 0:82 9606:2 0:10 9606:5 0:48 9606:5 0:1 9606:1 0:5 9606:3 0:32 9606:5 0:21 9606:1 0:18 9606:2 0:44 9606:3 0:7 9606:4 0:140 9606:1 0:127 9606:4 0:15 9606:1 0:17 9606:1 0:59 9606:1 0:4 9606:5 0:61 9606:1 0:30 9606:5 0:110 9606:1 0:5 9606:2 0:23 9606:1 0:36 9606:5 0:54 9606:2 0:3 9606:6 0:132 9606:5 0:28 9606:6 0:102 9606:5 0:17 9606:2 0:10 9606:3 0:5 9606:3 0:25 9606:5 0:56 9606:1 0:1 9606:11 0:27 9606:6 0:87 9606:1 0:14 9606:3 0:20 9606:1 0:13 9606:7 0:26 9606:2 0:20 9606:1 0:107 9606:2 0:217 9606:4 0:80 9606:3 0:7 9606:1 0:21 9606:1 0:62 9606:1 0:5 9606:1 0:37 9606:5 0:25 9606:1 0:28 9606:5 0:7 9606:1 0:24 9606:1 0:53 9606:2 0:67 9606:2 0:31 9606:4 0:1 9606:5 0:7 9606:6 0:27 9606:6 0:21 9606:10 0:36 9606:4 0:47 9606:1 0:7 9606:8 0:27 9606:5 0:3 9606:6 0:33 9606:5 0:28 9606:2 0:74 9606:1 0:91 9606:1 0:19 9606:2 0:60
C	cce89107-45c1-4605-b455-1bcc2f795da9	1238	2340	0:1237 1238:1 0:977 2:2 0:89
C	fe9f6529-c0b3-4e01-96ec-fa9b374500c7	1747	1605	0:116 1747:2 0:113 1747:5 0:4 1747:10 0:5 1747:1 0:5 1747:3 0:1 1747:5 0:53 1747:5 0:12 1912216:1 1747:5 0:2 1747:2 0:53 1747:1 0:55 1747:5 0:4 1747:5 0:10 1747:10 0:18 1747:5 0:13 1747:5 0:2 1747:1 0:21 1747:5 0:27 1747:1 0:43 1747:5 0:86 1747:3 0:27 1747:4 0:115 1747:4 0:110 1747:2 0:71 1747:5 0:21 1747:1 0:2 1747:5 0:13 1747:5 0:18 1747:10 0:10 1747:5 0:4 1747:5 0:55 1747:1 0:24 1747:3 0:26 1747:2 0:2 1747:5 1912216:1 0:12 1747:5 0:27 1747:3 0:24 1747:5 0:1 1747:3 0:5 1747:1 0:5 1747:10 0:4 1747:5 0:177
U	4d114eaa-8229-49d2-b828-680c1c58ca4e	0	296	0:262
C	518f8ba1-4bda-4d19-b64c-31c14d6c5f28	9606	3462	0:170 9606:1 0:2 9606:7 0:34 9606:3 0:17 9606:4 0:8 9606:1 0:27 9606:1 0:78 9606:5 0:17 9606:6 0:9 9606:5 0:70 9606:3 0:51 9606:4 0:38 9606:5 0:7 9606:4 0:16 9606:2 0:21 9606:5 0:7 9606:1 0:13 9606:5 0:35 9606:5 0:146 9606:1 0:12 9606:5 0:1 9606:1 0:50 9606:3 0:4 9606:5 0:15 9606:5 0:36 9606:2 0:5 9606:1 0:25 9606:4 0:78 9606:2 0:32 9606:3 0:9 9606:5 0:1 9606:2 0:9 9606:8 0:23 9606:7 0:6 9606:1 0:25 9606:1 0:8 9606:5 0:12 9606:8 0:47 9606:5 0:38 9606:5 0:21 9606:1 0:8 9606:1 0:24 9606:1 0:6 9606:1 0:18 9606:5 0:58 9606:5 0:17 9606:5 0:71 9606:3 0:39 9606:1 0:24 9606:8 0:76 9606:4 0:62 9606:1 0:9 9606:5 0:6 9606:1 0:37 9606:7 0:26 9606:1 0:3 9606:5 0:17 9606:5 0:1 9606:4 0:46 9606:3 0:52 9606:1 0:23 9606:5 0:33 9606:1 0:15 9606:2 0:7 9606:6 0:127 9606:1 0:5 9606:3 0:34 9606:1 0:14 9606:6 0:8 9606:3 0:43 9606:5 0:110 9606:1 0:55 9606:5 0:16 9606:1 0:12 9606:5 0:18 9606:1 0:56 9606:1 0:115 9606:1 0:4 9606:5 0:16 9606:2 0:7 9606:1 0:16 9606:4 0:74 9606:1 0:21 9606:1 0:5 9606:2 0:2 9606:1 0:183 9606:3 0:11 9606:5 0:8 9606:1 0:10 9606:5 0:5 9606:1 0:8 9606:1 0:43 9606:5 0:2 9606:3 0:66 9606:3 0:127
C	710accbe-1629-48e0-bfd6-a3f73a2c7d97	9606	3377	0:128 9606:2 0:8 9606:2 0:55 9606:2 0:33 9606:2 0:37 9606:1 0:5 9606:3 0:9 9606:4 0:18 9606:1 0:56 9606:1 0:30 9606:4 0:21 9606:1 0:31 9606:3 0:45 9606:5 0:27 9606:2 0:2 9606:3 0:43 9606:5 0:54 9606:2 0:3 131567:5 0:5 9606:5 0:7 9606:1 0:16 9606:5 0:27 9606:1 0:1 9606:1 0:5 2759:4 0:73 9606:1 0:90 9606:7 0:36 9606:1 0:71 9606:5 0:19 9606:3 0:14 9606:5 0:18 9606:5 0:34 9606:4 0:12 9606:2 0:24 9606:5 0:2 9606:6 0:7 9606:2 0:102 9606:2 0:2 9606:1 0:41 9606:5 0:20 9606:4 0:25 9606:4 0:11 9606:4 0:2 9606:5 0:17 9606:1 0:23 9606:4 0:12 9606:3 0:29 9606:5 0:8 9606:2 0:9 9606:3 0:7 9606:1 0:62 9606:2 0:7 9606:1 0:16 9606:7 0:12 9606:1 0:105 131567:5 0:13 9606:1 0:50 9606:6 0:11 9606:1 0:7 9606:4 0:18 9606:5 0:47 9606:1 0:7 2759:5 0:34 9606:5 0:21 9606:1 0:12 9606:1 0:15 9606:2 0:6 9606:8 0:71 9606:5 0:2 9606:3 0:100 9606:2 0:56 9606:2 0:4 9606:1 0:30 9606:3 0:42 9606:5 0:35 9606:6 0:46 9606:1 0:15 9606:5 0:44 9606:1 0:6 9606:5 0:7 9606:1 0:16 9606:5 0:63 9606:3 0:6 9606:3 0:11 9606:4 0:33 9606:5 0:1 9606:4 0:23 9606:5 0:10 2759:5 0:70 9606:1 0:33 2759:1 9606:2 131567:2 0:3 2759:9 0:18 9606:3 0:36 9606:10 0:19 9606:5 0:23 9606:1 0:10 9606:2 0:9 9606:5 0:26 9606:1 0:6 9606:2 0:19 131567:5 0:5 131567:5 0:14 131567:5 0:1 131567:1 0:145 131567:5 0:54 131567:2 0:62
U	bfb565b2-4dd6-4042-9dfc-0cf7a7f0f347	0	2951	0:2917
C	c9e6d797-2aba-4310-b574-a809b6f1088a	2487892	1114	0:103 1760:5 0:4 2487892:5 0:60 2487892:3 0:110 2487892:3 0:323 2487892:1 0:217 2487892:3 0:111 2487892:3 0:129
U	4a32a5c4-84a8-4cee-8107-b58e6c0ecbe7	0	1417	0:1383
C	a612e7d3-8a95-46d6-97b9-2d331a31a6f1	9606	658	0:108 9606:3 0:8 9606:1 0:19 9606:4 0:33 9606:5 0:49 9606:5 0:6 9606:5 0:18 9606:2 0:2 9606:2 0:25 9606:2 0:12 9606:5 0:9 9606:5 0:107 9606:2 0:187
C	63f70e58-7bac-4d44-b4dd-b9e04929d6fa	9606	5311	0:122 9606:1 0:83 9606:2 0:6 9606:3 0:116 9606:5 0:71 9606:4 0:29 9606:3 0:50 9606:4 0:2 9606:1 0:18 9606:6 0:39 9606:1 0:5 9606:8 0:1 9606:6 0:33 9606:3 0:38 9606:3 0:18 9606:5 0:43 9606:2 0:23 9606:1 0:25 9606:2 0:51 9606:2 0:14 9606:5 0:31 9606:4 0:37 9606:1 0:43 9606:5 0:32 9606:5 0:55 9606:2 0:34 9606:1 0:49 9606:1 0:5 9606:2 0:117 9606:4 0:26 9606:2 0:8 9606:5 0:8 9606:1 0:12 9606:5 0:92 9606:1 0:18 9606:5 0:55 9606:3 0:15 9606:1 0:33 9606:5 0:14 9606:5 0:38 9606:1 0:12 9606:2 0:54 9606:5 0:22 9606:2 0:49 9606:5 0:34 9606:2 0:36 9606:2 0:68 9606:1 0:55 9606:5 0:94 9606:2 0:7 9606:2 0:5 9606:4 0:108 9606:3 0:153 9606:5 0:16 9606:5 0:18 9606:5 0:11 9606:4 0:24 9606:1 0:3 9606:5 0:4 9606:3 0:49 9606:5 0:44 9606:5 0:43 9606:4 0:103 9606:3 0:29 9606:3 0:69 9606:5 0:11 9606:4 0:56 9606:3 0:28 9606:1 0:15 9606:1 0:47 9606:1 0:87 9606:4 0:8 9606:5 0:127 9606:5 0:12 9606:4 0:8 9606:2 0:14 9606:3 0:34 9606:2 0:10 9606:2 0:1 9606:1 0:59 9606:2 0:52 9606:1 0:6 9606:3 0:159 9606:1 0:60 9606:5 0:24 9606:5 0:66 9606:5 0:58 9606:4 0:52 9606:5 0:13 9606:2 0:21 9606:5 0:12 9606:6 0:49 9606:1 0:36 9606:5 0:45 9606:7 0:5 9606:1 0:35 9606:1 0:7 9606:5 0:1 9606:1 0:80 9606:10 0:23 9606:5 0:13 9606:2 0:62 9606:5 0:16 9606:5 0:7 9606:6 0:49 9606:10 0:136 9606:5 0:99 9606:5 0:8 9606:5 0:4 9606:5 0:5 9606:1 0:50 9606:1 0:42 9606:5 0:25 9606:1 0:20 9606:2 0:18 9606:2 0:95 9606:1 0:24 9606:1 0:27 9606:5 0:55 9606:4 0:73 9606:4 0:102
C	bb7c026f-0e9d-49ed-8715-35b8ddcc095a	9606	4662	0:152 9606:5 0:113 9606:5 0:29 9606:1 0:12 9606:1 0:31 9606:1 0:8 9606:5 0:39 9606:3 0:5 9606:5 0:38 9606:2 0:2 9606:1 0:121 9606:1 0:27 9606:5 0:1 9606:3 0:63 9606:1 0:8 9606:2 0:47 9606:1 0:77 9606:2 0:10 9606:2 0:97 9606:5 0:5 9606:3 0:74 9606:2 0:42 9606:5 0:21 9606:1 0:33 9606:2 0:9 9606:1 0:38 9606:2 0:15 9606:1 0:34 9606:5 0:31 9606:2 0:53 9606:5 0:2 9606:5 0:17 9606:9 0:5 9606:2 0:32 9606:2 0:113 9606:8 0:81 9606:2 0:19 9606:3 0:28 9606:2 0:5 9606:2 0:5 9606:5 0:2 9606:5 0:27 9606:1 0:2 9606:7 0:27 9606:2 0:24 9606:2 0:23 9606:7 0:16 9606:5 0:111 9606:2 0:65 9606:3 0:16 9606:2 0:45 9606:3 0:13 9606:4 0:10 9606:2 0:5 9606:3 0:16 9606:1 0:30 9606:7 0:10 9606:4 0:14 9606:1 0:7 9606:10 0:27 9606:5 0:26 9606:2 0:56 9606:1 0:38 9606:1 0:57 9606:4 0:74 9606:2 0:50 9606:3 0:61 9606:1 0:7 9606:5 0:3 9606:2 0:254 9606:5 0:23 9606:5 0:66 9606:2 0:45 9606:5 0:18 9606:5 0:30 9606:5 0:4 9606:1 0:34 9606:7 0:13 9606:5 0:2 9606:8 0:20 9606:1 0:26 9606:2 0:48 9606:5 0:15 9606:4 0:44 9606:1 0:27 9606:5 0:1 9606:4 0:16 9606:2 0:6 9606:5 0:2 9606:5 0:39 9606:3 0:21 9606:5 0:43 9606:2 0:44 9606:5 0:3 9606:5 0:9 9606:4 0:29 9606:5 0:1 9606:1 0:33 9606:5 0:7 9606:7 0:23 9606:1 0:61 9606:5 0:71 9606:1 0:19 9606:2 0:42 9606:8 0:9 9606:3 0:64 9606:2 0:6 9606:3 0:49 9606:3 0:83 9606:3 0:23 9606:5 0:27 9606:5 0:11 9606:3 0:9 9606:5 0:72 9606:5 0:21 9606:5 0:25 9606:5 0:104 9606:9 0:7 9606:2 0:15 9606:4 0:18 9606:1 0:2 9606:5 0:114
C	3e2f11d2-6052-44a9-b065-bb4a94a4291b	9606	4666	0:168 9606:5 0:2 9606:1 0:18 9606:4 0:15 9606:2 0:7 9606:9 0:102 9606:5 0:25 9606:5 0:52 9606:6 0:37 9606:5 0:9 9606:3 0:11 9606:5 0:27 9606:5 0:23 9606:3 0:67 9606:5 0:10 9606:4 0:49 9606:3 0:6 9606:2 0:64 9606:3 0:9 9606:8 0:39 9606:3 0:19 9606:1 0:9 9606:1 0:62 9606:5 0:53 9606:1 0:10 9606:1 0:23 9606:7 0:7 9606:5 0:33 9606:1 0:1 9606:5 0:29 9606:4 0:9 9606:5 0:3 9606:5 0:44 9606:1 0:43 9606:5 0:21 9606:3 0:8 9606:1 0:20 9606:3 0:8 9606:5 0:2 9606:5 0:6 9606:2 0:16 9606:4 0:1 9606:5 0:27 9606:1 0:63 9606:5 0:48 9606:2 0:26 9606:1 0:20 9606:8 0:62 9606:1 0:40 9606:5 0:18 9606:5 0:45 9606:2 0:66 9606:5 0:23 9606:5 0:256 9606:2 0:3 9606:5 0:7 9606:1 0:115 9606:2 0:74 9606:4 0:17 9606:3 0:16 9606:6 0:18 9606:1 0:38 9606:1 0:56 9606:2 0:26 9606:5 0:27 9606:10 0:7 9606:1 0:14 9606:4 0:46 9606:1 0:16 9606:3 0:5 9606:2 0:10 9606:4 0:13 9606:3 0:45 9606:2 0:16 9606:3 0:65 9606:2 0:41 9606:2 0:36 9606:1 0:33 9606:5 0:16 9606:7 0:23 9606:2 0:24 9606:2 0:27 9606:7 0:2 9606:1 0:27 9606:5 0:2 9606:5 0:5 9606:2 0:5 9606:2 0:28 9606:3 0:19 9606:2 0:15 9606:3 0:22 9606:1 0:16 9606:1 0:14 9606:2 0:129 9606:2 0:32 9606:2 0:5 9606:9 0:17 9606:5 0:2 9606:5 0:89 9606:5 0:34 9606:1 0:15 9606:2 0:38 9606:1 0:9 9606:2 0:33 9606:1 0:21 9606:5 0:42 9606:2 0:69 9606:3 0:5 9606:5 0:109 9606:2 0:77 9606:1 0:47 9606:2 0:8 9606:1 0:63 9606:3 0:1 9606:5 0:27 9606:1 0:5 9606:3 0:22 9606:1 0:90 9606:1 0:2 9606:2 0:38 9606:5 0:5 9606:3 0:1 9606:5 0:35 9606:5 0:8 9606:1 0:31 9606:1 0:12 9606:1 0:57 9606:2 0:37 9606:5 0:4 9606:4 0:34 9606:5 0:99
C	b308ea92-09cb-4993-adc0-99dd2756dc37	9606	4470	0:114 9606:5 0:8 9606:1 0:8 9606:9 0:118 9606:5 0:128 9606:4 0:24 9606:5 0:10 9606:3 0:65 9606:5 0:47 9606:3 0:4 9606:5 0:35 9606:5 0:8 9606:2 0:49 9606:2 0:169 9606:5 0:12 9606:3 0:125 9606:5 0:10 9606:5 0:7 9606:2 0:62 9606:1 0:24 9606:3 0:17 9606:1 0:19 9606:2 0:21 9606:1 0:23 9606:8 0:6 9606:2 0:35 9606:4 0:83 9606:5 0:39 9606:4 0:20 9606:8 0:28 9606:5 0:3 9606:3 0:5 9606:1 0:5 9606:2 0:13 9606:5 0:17 9606:1 0:19 9606:1 0:103 9606:8 0:2 9606:9 0:49 9606:11 0:43 9606:2 0:53 9606:2 0:66 9606:2 0:62 9606:5 0:4 9606:3 0:60 9606:3 0:16 9606:5 0:6 9606:5 0:18 9606:5 0:17 9606:2 0:16 9606:3 0:78 9606:1 0:62 9606:2 0:17 9606:5 0:21 9606:3 0:46 9606:1 0:18 9606:1 0:20 9606:3 0:68 9606:4 0:121 9606:1 0:28 9606:1 0:17 9606:1 0:20 9606:5 0:362 9606:1 0:27 9606:4 0:100 9606:5 0:49 9606:1 0:71 9606:2 0:139 9606:4 0:51 9606:5 0:5 9606:1 0:11 9606:2 0:26 9606:4 0:84 9606:5 0:8 9606:1 0:7 9606:1 0:6 9606:4 0:5 9606:3 0:54 9606:8 0:31 9606:1 0:5 9606:5 0:52 9606:4 0:6 9606:1 0:18 9606:5 0:3 9606:2 0:27 9606:5 0:52 9606:2 0:2 9606:8 0:8 9606:3 0:39 9606:5 0:57 9606:1 0:68 9606:9 0:21 9606:2 0:24 9606:3 0:45 9606:5 0:11 9606:2 0:213
U	0d41cd87-de0a-4bbe-9675-950226f18abf	0	546	0:512
C	7aef7263-336e-4964-8024-d94815938ad1	1747	2882	0:110 1747:2 0:40 1747:5 0:2 1747:6 0:31 1747:2 0:6 1747:2 0:1 1747:1 0:40 1747:1 0:21 1747:1 0:49 1747:5 0:36 1747:5 0:5 1747:3 0:159 1747:2 0:24 1747:5 0:116 1747:2 0:50 1747:5 0:44 1747:2 0:58 1747:5 0:8 1747:2 0:17 1747:5 0:51 1747:5 0:3 1747:5 0:21 1747:5 0:6 1747:5 0:9 1912216:4 0:19 1760:3 0:2 1747:1 0:20 1747:5 0:52 1747:2 0:40 1747:3 0:5 1747:3 0:1 1747:1 0:28 1747:2 0:45 1747:1 0:41 1747:5 0:51 1747:2 0:1 1912216:5 0:86 1747:4 0:8 1747:2 0:6 1747:5 0:11 1747:5 0:101 1747:4 0:13 1747:2 0:14 1747:5 0:53 1747:5 0:55 1747:1 0:8 1747:4 0:2 1747:5 0:64 1747:3 0:89 1747:1 0:29 1747:1 0:60 1747:1 0:28 1747:2 0:7 1747:9 0:20 1747:8 0:42 1747:1 0:101 1747:2 0:58 1747:9 0:50 1747:3 0:32 1747:5 0:15 1747:5 0:10 1747:5 0:84 1747:1 0:7 1747:2 0:5 1747:4 0:118 1747:6 0:89 1747:6 0:137
C	268951e7-b867-42e0-9a65-4de83b576734	9606	4418	0:114 9606:5 0:67 9606:2 0:107 9606:9 0:25 9606:2 0:17 9606:2 0:62 9606:9 0:68 9606:2 0:3 9606:5 0:58 9606:3 0:87 9606:1 0:30 9606:3 0:17 9606:5 0:1 9606:1 0:99 9606:2 0:68 9606:4 0:14 9606:1 0:82 9606:1 0:5 9606:2 0:9 9606:2 0:143 9606:5 0:100 9606:4 0:72 9606:1 0:12 9606:3 0:68 9606:1 0:16 9606:5 0:12 9606:5 0:6 9606:2 0:8 9606:12 0:5 9606:3 0:42 9606:7 0:39 9606:1 0:39 9606:1 0:66 9606:4 0:9 9606:1 0:91 9606:2 0:78 9606:1 0:11 9606:4 0:75 9606:5 0:21 9606:5 0:11 9606:5 0:14 9606:7 0:5 9606:2 0:144 9606:5 0:2 9606:3 0:62 9606:5 0:109 9606:5 0:7 9606:2 0:18 9606:2 0:5 9606:1 0:82 9606:1 0:62 9606:2 0:95 9606:4 0:8 9606:1 0:10 9606:3 0:52 9606:5 0:119 9606:5 0:4 9606:5 0:16 9606:3 0:44 9606:2 0:49 9606:4 0:151 9606:2 0:33 9606:3 0:37 9606:1 0:66 9606:3 0:73 9606:5 0:47 9606:5 0:51 9606:1 0:102 9606:1 0:3 9606:5 0:156 9606:2 0:8 9606:2 0:111 9606:5 0:7 9606:1 0:51 9606:5 0:136 9606:1 0:24 9606:1 0:112 9606:1 0:38 9606:2 0:9 9606:1 0:4 9606:5 0:78 9606:1 0:65
U	9df7bc6a-8b8a-4e9a-a608-eef0b0995ed2	0	1484	0:1450
U	f6f2749b-1ef2-480e-bd6d-73e089f216ce	0	1507	0:1473
U	e479bdf6-ec06-4465-a26b-46a9e95fe67e	0	720	0:686
U	19461cd4-067d-4c10-b773-c8680dd4e58e	0	1270	0:1236
C	3587002b-2424-4cde-a9a4-c3671d8b970c	9606	4274	0:206 9606:6 0:5 9606:3 0:56 9606:1 0:32 9606:4 0:103 9606:2 0:43 9606:3 0:116 9606:5 0:24 9606:5 0:42 9606:2 0:8 9606:4 0:35 9606:5 0:53 9606:5 0:78 9606:2 0:6 9606:2 0:12 9606:4 0:11 9606:1 0:44 9606:5 0:100 9606:5 0:65 9606:1 0:139 9606:5 0:71 9606:1 0:31 9606:2 0:3 9606:2 0:37 9606:5 0:5 9606:1 0:3 9606:5 0:85 9606:5 0:92 9606:7 0:5 9606:5 0:65 9606:1 0:8 9606:5 0:73 9606:3 0:8 9606:2 0:2 9606:5 0:52 9606:3 0:83 9606:4 0:54 9606:2 0:61 9606:6 0:5 9606:4 0:26 9606:5 0:5 9606:2 0:33 9606:7 0:45 9606:5 0:20 9606:5 0:21 9606:5 0:31 9606:1 0:8 9606:2 0:12 9606:5 0:15 9606:5 0:74 9606:5 0:70 9606:5 0:28 9606:1 0:8 9606:4 0:37 9606:3 0:3 9606:3 0:60 9606:2 0:108 9606:1 0:14 9606:2 0:20 9606:5 0:71 9606:5 0:47 9606:1 0:127 9606:8 0:8 9606:5 0:54 9606:1 0:22 9606:1 0:10 9606:2 0:82 9606:4 0:16 9606:8 0:34 9606:5 0:51 9606:5 0:25 9606:5 0:6 9606:1 0:74 9606:5 0:108 9606:1 0:43 9606:3 0:62 9606:3 0:94 9606:5 0:2 9606:3 0:95 9606:3 0:94 9606:1 0:6 9606:2 0:78 9606:1 0:13 9606:1 0:169
U	55384f5b-7d3f-429c-8295-873f1fed6dd9	0	730	0:696
C	4ebfbad2-75f2-40d3-a794-c7aaacd8d4bd	9606	4780	0:191 9606:5 0:54 9606:5 0:13 9606:4 0:79 9606:5 0:4 9606:5 0:40 9606:2 0:40 9606:5 0:2 9606:6 0:15 9606:5 0:35 9606:3 0:36 9606:5 0:6 9606:1 0:24 9606:2 0:5 9606:1 0:128 9606:5 0:42 9606:1 0:19 9606:5 0:37 9606:5 0:66 9606:1 0:12 9606:4 0:47 9606:6 0:49 9606:5 0:105 9606:10 0:31 9606:5 0:6 9606:5 0:27 9606:6 0:19 9606:2 0:5 9606:5 0:53 9606:8 0:6 9606:5 0:18 9606:2 0:7 9606:1 0:21 9606:5 0:6 9606:2 0:7 9606:5 0:38 9606:3 0:23 9606:5 0:11 9606:1 0:19 131567:2 0:146 9606:2 0:8 9606:5 0:68 9606:1 0:18 9606:1 0:31 9606:10 0:91 9606:2 0:53 9606:5 0:69 9606:2 0:10 9606:1 0:47 9606:3 0:61 9606:5 0:17 9606:2 0:83 9606:2 0:20 9606:2 0:1 9606:3 0:21 9606:1 0:14 9606:1 0:3 9606:1 0:21 9606:1 0:15 9606:5 0:45 9606:5 0:57 9606:6 0:15 9606:5 0:13 9606:2 0:7 9606:3 0:79 9606:2 0:61 9606:4 0:159 9606:5 0:1 9606:1 0:11 9606:2 0:34 9606:2 0:15 9606:5 0:35 9606:5 0:4 9606:1 0:25 9606:5 0:7 9606:3 0:6 9606:5 0:4 9606:5 0:154 9606:5 0:47 9606:1 0:10 9606:2 0:34 9606:5 0:73 9606:1 0:98 9606:5 0:40 9606:2 0:37 9606:8 0:27 9606:5 0:8 9606:5 0:3 9606:4 0:12 9606:1 0:46 9606:5 0:9 9606:5 0:13 9606:3 0:6 9606:5 0:59 9606:8 0:23 9606:2 0:16 9606:5 0:150 9606:2 0:5 9606:1 0:79 9606:5 0:85 9606:3 0:162 9606:4 0:8 9606:4 0:46 9606:3 0:73 9606:5 0:36 9606:5 0:11 9606:8 0:7 9606:1 0:15 9606:10 0:2 9606:6 0:69 9606:1 0:66 9606:5 0:12 9606:2 0:63
C	a3e514a9-dc6b-4208-871c-128d722275b0	9606	3695	0:105 9606:1 0:23 9606:1 0:6 9606:4 0:20 9606:1 0:1 9606:1 0:19 9606:2 0:40 9606:8 0:2 9606:1 0:5 9606:1 0:7 9606:1 0:29 9606:5 0:32 9606:2 0:7 9606:2 0:23 9606:6 0:56 9606:1 0:48 9606:1 0:20 9606:5 0:1 9606:5 0:32 9606:2 0:40 9606:2 0:22 9606:3 0:13 9606:2 0:104 9606:6 0:60 9606:4 0:4 9606:5 0:59 9606:2 0:27 9606:2 0:2 9606:5 0:56 9606:2 0:27 9606:1 0:44 9606:3 0:52 9606:4 0:4 9606:5 0:29 9606:5 0:22 9606:5 0:3 9606:5 0:22 9606:4 0:88 9606:5 0:31 9606:3 0:79 9606:5 0:37 2759:1 0:41 9606:5 0:33 9606:1 0:5 9606:4 0:1 9606:1 0:43 9606:1 0:17 9606:5 0:10 9606:5 0:93 9606:5 0:15 2759:3 0:11 9606:5 0:24 9606:4 0:9 9606:1 0:8 9606:1 0:124 9606:2 0:20 9606:5 0:26 9606:6 0:4 9606:2 0:71 9606:1 0:1 9606:1 0:3 9606:2 0:32 9606:1 0:24 9606:1 0:7 9606:1 0:1 2759:5 0:26 9606:5 0:13 9606:3 0:8 9606:5 0:31 9606:1 0:9 9606:5 0:33 9606:5 0:43 9606:4 0:17 9606:1 0:37 9606:6 0:40 9606:5 0:16 9606:2 0:20 9606:1 0:22 9606:2 0:20 9606:5 0:23 9606:1 0:34 9606:5 0:9 9606:5 0:10 9606:5 0:83 9606:3 0:8 9606:1 0:69 9606:5 0:31 9606:5 0:60 9606:1 0:21 9606:4 0:13 9606:2 0:12 9606:2 0:15 9606:5 0:45 9606:2 0:42 9606:5 0:9 9606:3 0:11 9606:1 0:26 9606:4 0:2 9606:5 0:72 9606:5 0:43 9606:5 0:90 9606:1 0:5 9606:4 0:16 9606:5 0:19 9606:1 0:8 9606:2 0:40 9606:4 0:45 9606:4 0:27 9606:5 0:50 9606:5 0:112
U	056cb8be-1fee-4272-b31c-8d69aac7fb5a	0	2629	0:2595
C	f6e12010-1fcf-4c7b-b4b1-a468f3a13a68	2703885	2512	0:105 2703885:2 0:6 34037:1 0:19 34037:4 0:2 34037:2 0:14 34037:5 0:24 34037:2 0:7 34037:3 0:74 34037:5 0:68 34037:4 0:9 34037:4 0:1 34037:5 0:18 34037:5 0:7 34037:2 0:44 34037:3 0:31 34037:2 0:118 34037:1 0:135 34037:1 0:6 34037:1 0:8 34037:4 0:78 34037:5 0:43 34037:1 0:7 34037:2 0:120 34037:1 0:33 34037:4 0:50 34037:5 0:131 34037:5 0:12 34037:1 0:8 34037:2 0:46 34037:1 0:28 34037:5 0:1 34037:5 0:11 34037:5 0:6 34037:2 0:16 34037:5 0:26 34037:1 0:20 34037:5 0:38 34037:1 0:67 34037:5 0:24 34037:4 0:172 34037:10 0:51 34037:1 0:41 34037:1 0:5 34037:2 0:14 34037:1 0:36 34037:5 0:94 34037:3 0:10 34037:7 0:39 34037:3 0:5 2703885:1 0:11 2703885:5 0:7 2703885:5 0:80 34037:5 0:55 34037:3 0:107 34038:2 0:17 34037:3 0:8 34037:5 0:44 34037:5 0:33
C	c179d9e4-236c-4230-8dda-e467313395b2	9606	2101	0:1568 9606:3 0:39 9606:2 0:455
C	d2965964-5e04-426e-8530-8c5c91188c63	9606	1746	0:18 9606:2 0:153 9606:7 0:10 9606:2 0:15 9606:5 0:14 9606:2 0:5 9606:4 0:19 9606:3 0:9 9606:1 0:64 9606:1 0:32 9606:5 0:62 9606:5 0:10 9606:5 0:3 9606:5 0:20 9606:2 0:11 9606:10 0:22 9606:1 0:17 9606:1 0:167 9606:7 0:25 9606:2 0:19 9606:1 0:47 9606:6 0:50 9606:5 0:1 9606:1 0:13 9606:7 0:53 9606:4 0:79 9606:5 0:103 9606:5 0:50 9606:5 0:10 9606:3 0:91 9606:4 0:27 9606:5 0:28 9606:1 0:27 9606:7 0:7 9606:2 0:24 9606:5 0:62 9606:2 0:110 9606:3 0:94
U	8a4d5a8c-26de-4ca3-b57a-9991dfa87a37	0	2091	0:2057
U	d455c7df-d985-4a15-8f0e-6c12fef9be72	0	1267	0:555 1848900:2 0:676
U	318628c8-68cf-418e-a01f-fd167a3d09ed	0	2787	0:2753
U	3de7d456-9d8b-404f-97b7-d7b2ba3cb4de	0	681	0:647
U	3b101453-e5d5-4b78-b215-a6314aa07d97	0	2392	0:2358
U	9fc9e3bd-3070-4b1f-baa8-b2d434d74937	0	2307	0:2273
U	0a601c20-7cf8-44fa-980f-b637db2358ff	0	2554	0:2520
C	6d849b2f-63e2-4561-a1b1-66ad40139c1d	1280	2919	0:135 1279:5 0:10 1279:4 0:15 1279:2 0:12 1279:4 0:41 1279:4 0:1 1279:5 0:16 1279:5 0:88 1279:1 0:123 1279:5 0:34 1279:1 0:107 1279:2 0:180 1279:4 0:5 1279:3 0:9 1279:5 0:103 1279:4 0:14 1279:2 0:167 1279:6 0:33 1279:1 0:11 1279:5 0:14 1279:3 0:7 1279:7 0:5 1279:3 0:120 1279:2 0:13 1279:2 0:7 1279:2 0:97 1279:2 0:90 1279:1 0:36 1279:7 0:52 1279:5 0:13 1279:2 0:41 1279:1 0:9 1279:4 0:40 1279:3 0:29 1279:5 0:8 1279:3 0:1 1279:4 0:7 1279:3 0:27 1279:2 0:3 1279:5 0:3 1279:7 0:153 1279:2 0:24 1279:2 0:38 1279:5 0:2 1279:5 0:72 1279:1 0:34 1279:1 0:14 1279:2 0:4 1279:5 0:29 1280:1 0:83 1280:4 0:7 1280:2 0:38 1279:6 0:17 1279:2 0:2 1279:2 0:5 1279:8 0:10 1279:2 0:7 1279:1 0:16 1279:1 0:45 1279:5 0:41 1279:3 0:1 1279:3 0:63 1279:2 0:7 1279:5 0:43 1279:5 0:19 1279:5 0:36 1279:6 0:42 1279:5 0:75
C	6884e109-9f00-409c-90f5-130ede865482	1280	2895	0:124 1279:5 0:82 1279:5 0:19 1279:5 0:42 1279:5 0:7 1279:2 0:3 1279:5 0:55 1279:3 0:1 1279:3 0:93 1279:1 0:38 1279:5 0:5 1279:2 0:2 1279:2 0:27 1280:1 0:6 1280:1 0:23 1280:2 0:7 1280:4 0:70 1280:5 0:7 1280:1 0:56 1279:1 0:32 1279:1 0:22 1279:3 0:6 1279:6 0:33 1279:5 0:2 1279:5 0:38 1279:2 0:24 1279:2 0:152 1279:7 0:3 1279:5 0:3 1279:2 0:27 1279:3 0:7 1279:4 0:1 1279:3 0:8 1279:5 0:69 1279:4 0:9 1279:1 0:54 1279:5 0:52 1279:7 0:36 1279:1 0:193 1279:2 0:7 1279:2 0:13 1279:2 0:46 1279:5 0:26 1279:1 0:44 1279:3 0:5 1279:7 0:7 1279:3 0:14 1279:4 0:45 1279:6 0:70 1279:1 0:92 1279:2 0:14 1279:4 0:103 1279:5 0:9 1279:3 0:5 1279:4 0:104 1279:4 0:29 1279:3 0:143 1279:1 0:34 1279:5 0:97 1279:2 0:22 1279:2 0:87 1279:5 0:16 1279:5 0:1 1279:4 0:41 1279:4 0:12 1279:2 0:15 1279:4 0:10 1279:5 0:83
U	6edb96c5-ae3e-4415-b333-7211beec71af	0	1606	0:1572
U	262ffcaf-7f54-4bc6-8be9-7270eaf8fbc0	0	2768	0:2734
U	e9da876b-e718-4b1b-9e74-8a98f94e3a74	0	785	0:751
C	43c2a404-5614-4755-8aef-2d199742da4e	9606	5299	0:89 9606:2 0:13 9606:5 0:6 9606:5 0:23 9606:5 0:60 9606:5 0:115 9606:5 0:38 9606:3 0:2 9606:5 0:10 9606:5 0:6 9606:2 0:34 9606:2 0:8 9606:5 0:47 9606:1 0:1 9606:5 0:59 9606:1 0:99 9606:5 0:31 9606:5 0:15 9606:5 0:34 9606:2 0:47 9606:2 0:14 9606:2 0:25 9606:1 0:31 9606:2 0:29 9606:4 0:85 9606:5 0:58 9606:1 0:7 9606:2 0:14 9606:5 0:46 9606:5 0:1 9606:2 0:8 9606:1 0:9 9606:2 0:34 9606:2 0:16 9606:3 0:50 9606:1 0:32 9606:1 0:48 9606:4 0:7 9606:3 0:37 9606:5 0:14 9606:1 0:2 9606:5 0:33 9606:2 0:41 9606:5 0:128 9606:3 0:5 9606:2 0:36 9606:5 0:17 9606:6 0:11 9606:5 0:29 9606:1 0:41 9606:6 0:14 9606:2 0:21 9606:1 0:15 9606:2 0:4 9606:5 0:5 9606:1 0:6 9606:4 0:11 9606:1 0:10 9606:3 0:4 9606:5 0:178 9606:1 0:62 9606:5 0:6 9606:6 0:8 9606:5 0:4 9606:2 0:181 9606:5 0:32 9606:5 0:10 9606:2 0:9 9606:2 0:90 9606:5 0:17 9606:1 0:22 9606:3 0:52 9606:2 0:22 9606:8 0:47 9606:1 0:13 9606:2 0:38 9606:2 0:23 9606:3 0:75 9606:5 0:14 9606:2 0:74 9606:5 0:60 9606:5 0:38 9606:3 0:72 9606:3 0:60 9606:17 0:14 9606:5 0:8 9606:5 0:38 9606:1 0:78 9606:1 0:1 9606:5 0:22 9606:5 0:1 9606:1 0:3 9606:4 0:23 9606:1 0:59 9606:1 0:26 9606:1 0:18 2759:5 0:27 9606:5 0:34 9606:5 0:24 9606:5 0:12 2759:8 0:28 9606:5 0:44 9606:6 0:31 9606:1 0:7 9606:2 0:20 9606:5 0:5 9606:1 0:12 9606:5 0:72 9606:1 0:44 9606:6 0:4 9606:5 0:62 9606:4 0:38 1:1 0:44 9606:5 0:75 9606:3 0:49 9606:4 0:38 9606:5 0:53 9606:2 0:513 9606:5 0:19 9606:3 0:66 9606:1 0:44 9606:3 0:3 9606:2 0:16 9606:3 0:18 9606:7 0:1 9606:5 0:39 9606:1 0:48 9606:5 0:2 9606:1 0:23 9606:5 0:66
U	54a5f946-b02f-48d7-bae8-2efb3c8898cd	0	3754	0:3720
C	cb05e1e1-7aec-4231-a56e-f9daf7e542d6	9606	3849	0:146 9606:2 0:9 9606:5 0:46 9606:1 0:43 9606:2 0:7 9606:5 0:7 9606:8 0:18 9606:1 0:28 9606:4 0:1 9606:5 0:105 9606:1 0:30 9606:2 0:32 9606:5 0:17 9606:3 0:52 9606:5 0:3 9606:9 0:166 9606:1 0:3 9606:1 0:91 9606:5 0:21 9606:1 0:6 9606:2 0:49 9606:5 0:23 9606:4 0:233 9606:6 0:139 9606:3 0:4 9606:4 0:10 9606:3 0:8 9606:4 0:258 9606:1 0:12 9606:5 0:10 9606:4 0:14 9606:2 0:16 9606:6 0:5 9606:3 0:2 9606:1 0:5 9606:7 0:19 9606:5 0:24 9606:1 0:21 9606:1 0:5 9606:5 0:41 9606:4 0:26 9606:1 0:61 9606:2 0:1 9606:5 0:8 9606:3 0:47 9606:1 0:140 9606:2 0:14 9606:4 0:79 9606:1 0:5 9606:9 0:55 9606:7 0:16 9606:1 0:21 9606:1 0:31 9606:2 0:101 9606:5 0:3 9606:5 0:56 9606:2 0:38 9606:3 0:15 9606:5 0:42 9606:5 0:18 9606:5 0:5 9606:4 0:127 9606:5 0:81 9606:2 0:9 9606:1 0:54 9606:5 0:43 9606:1 0:31 9606:5 0:8 9606:5 0:46 9606:1 0:96 9606:5 0:4 9606:1 0:21 9606:6 0:25 9606:2 0:261 9606:2 0:25 9606:5 0:8 9606:1 0:31 9606:1 0:75 9606:5 0:91
C	b91a841c-66ab-44ec-a6d1-accb0f8c5a02	29466	513	0:243 29466:5 0:6 29466:4 0:11 29465:5 0:6 29466:5 0:28 29466:5 0:2 29466:4 0:11 29466:1 0:15 29466:2 0:126
C	c16da11f-165d-4241-8429-77230117fb7a	9606	2593	0:109 9606:1 0:879 9606:5 0:1565
U	2b234b95-f418-4865-b8f7-822513408759	0	1597	0:902 9606:3 0:658
U	fd17aa27-c29d-4f34-b1a4-e88c0012a124	0	232	0:198
C	9f652889-0135-4beb-b81f-145a6fdc2dfc	9606	3132	0:135 9606:1 0:43 9606:3 0:21 9606:7 0:24 9606:4 0:18 9606:1 0:30 9606:2 0:85 9606:5 0:12 9606:8 0:25 9606:1 0:10 9606:1 0:47 9606:1 0:20 9606:5 0:13 9606:2 0:14 9606:2 0:7 9606:1 0:33 9606:5 0:35 9606:1 0:30 9606:5 0:13 9606:3 0:17 9606:1 0:5 131567:4 0:10 2759:5 0:33 131567:5 0:42 9606:2 0:32 9606:5 0:95 9606:5 0:5 9606:5 0:54 1:1 0:68 9606:4 0:76 9606:1 0:66 9606:5 0:2 9606:2 0:1 9606:6 0:39 9606:5 0:8 9606:1 0:2 9606:5 0:25 9606:1 0:164 9606:1 0:65 9606:5 0:37 9606:1 0:14 2759:3 0:9 2759:3 0:12 2759:5 0:6 2759:1 0:15 2759:1 0:38 2759:5 0:10 2759:8 0:3 2759:5 0:54 2759:5 0:186 131567:1 0:16 131567:4 0:45 2759:4 0:19 131567:7 0:31 2759:2 0:16 131567:1 0:33 2759:2 0:62 131567:5 0:4 2759:1 0:39 9606:5 0:18 131567:5 0:79 2759:1 0:13 2759:5 0:76 2759:11 0:51 131567:3 0:1 131567:3 0:15 131567:3 0:25 131567:1 0:22 131567:1 0:8 2759:1 131567:1 0:56 131567:5 0:13 131567:1 0:6 131567:1 0:76 2759:2 0:70 131567:5 0:5 131567:4 0:28 2759:5 0:14 9606:5 0:37 2759:1 0:34 9606:2 0:50 9606:5 0:9 131567:2 0:50
U	dcd0a7c1-af4d-4afc-98a2-c0f210131383	0	2068	0:2034
C	a5d68406-0950-4663-8a7b-f07fcab0f94a	9606	5329	0:126 9606:5 0:48 9606:3 0:94 9606:2 0:42 9606:3 0:49 9606:8 0:241 9606:1 0:8 9606:6 0:12 9606:5 0:26 9606:5 0:36 9606:2 0:90 9606:1 0:5 9606:1 0:6 9606:1 0:8 9606:5 0:1 9606:5 0:21 9606:1 0:42 9606:5 0:10 9606:5 0:19 9606:1 0:90 9606:5 0:19 9606:5 0:40 9606:5 0:24 9606:5 0:12 9606:6 0:17 9606:2 0:6 9606:3 0:7 9606:5 0:39 9606:5 0:13 9606:5 0:9 9606:2 0:8 9606:1 0:39 9606:5 0:5 9606:5 0:12 9606:7 0:23 9606:5 0:53 9606:2 0:11 9606:5 0:14 9606:1 0:15 9606:5 0:4 9606:9 0:1 9606:5 0:84 9606:1 0:75 9606:2 0:43 9606:1 0:11 9606:1 0:37 9606:6 0:92 9606:5 0:10 9606:6 0:67 9606:5 0:53 9606:2 0:9 9606:5 0:5 9606:4 0:63 9606:3 0:29 9606:5 0:3 9606:2 0:78 9606:5 0:33 9606:1 0:1 9606:5 0:3 9606:5 0:19 9606:5 0:53 9606:1 0:5 9606:1 0:13 9606:2 0:12 9606:2 0:20 9606:4 0:20 9606:1 0:16 9606:3 0:94 9606:5 0:43 9606:2 0:91 9606:5 0:45 9606:2 0:5 9606:1 0:42 9606:2 0:166 9606:1 0:1 9606:5 0:1 9606:6 0:18 9606:5 0:15 9606:5 0:14 9606:5 0:19 9606:3 0:37 9606:10 0:91 9606:5 0:54 9606:5 0:1 9606:4 0:47 9606:5 0:40 9606:2 0:38 9606:5 0:70 9606:4 0:1 9606:6 0:37 9606:9 0:11 9606:1 0:43 9606:4 0:2 9606:1 0:5 9606:1 0:72 9606:1 0:60 9606:6 0:15 9606:7 0:118 9606:2 0:13 9606:5 0:54 9606:3 0:60 9606:1 0:174 9606:3 0:103 9606:4 0:33 9606:1 0:22 9606:1 0:29 9606:4 0:9 9606:10 0:15 9606:5 0:75 9606:3 0:26 9606:5 0:1 9606:5 0:58 9606:5 0:72 9606:1 0:33 9606:1 0:27 9606:6 0:14 9606:5 0:10 9606:5 0:52 9606:3 0:160 9606:2 0:23 9606:5 0:20 9606:2 0:23 9606:1 0:72 9606:2 0:40 9606:1 0:6 9606:1 0:115
C	f479ce72-5e83-40e5-8374-b91a5d5665c3	9606	5428	0:103 9606:5 0:1 9606:1 0:29 9606:5 0:26 9606:4 0:7 9606:1 0:27 9606:5 0:9 9606:2 0:153 9606:1 0:27 9606:5 0:5 9606:1 0:11 9606:5 0:32 9606:1 0:34 9606:2 0:8 9606:2 0:5 9606:2 0:117 9606:3 0:40 9606:5 0:8 9606:1 0:79 9606:5 0:40 9606:1 0:20 9606:5 0:2 9606:5 0:54 9606:1 0:36 9606:5 0:33 9606:1 0:48 9606:5 0:20 9606:1 0:8 9606:3 0:57 9606:3 0:24 9606:1 0:13 9606:5 0:83 9606:5 0:36 9606:5 0:8 9606:3 0:155 9606:5 0:212 9606:2 0:68 9606:1 0:61 9606:4 0:1 9606:3 0:29 9606:4 0:9 9606:4 0:18 9606:1 0:25 9606:5 0:38 9606:2 0:66 9606:2 0:43 9606:1 0:15 9606:2 0:236 9606:3 0:30 9606:1 0:8 9606:2 0:57 9606:2 0:11 9606:3 0:23 9606:8 0:17 9606:2 0:2 9606:8 0:24 9606:3 0:1 9606:5 0:41 9606:5 0:15 9606:5 0:22 9606:5 0:10 9606:1 0:36 9606:2 0:7 9606:2 0:24 9606:5 0:132 9606:4 0:21 9606:2 0:21 9606:5 0:3 9606:5 0:92 9606:7 0:10 9606:5 0:4 9606:1 0:9 9606:5 0:9 9606:5 0:11 9606:5 0:3 9606:5 0:5 9606:1 0:36 9606:2 0:28 9606:1 0:28 9606:5 0:2 9606:5 0:15 9606:3 0:5 9606:1 0:69 9606:2 0:21 9606:1 0:23 9606:2 0:7 9606:6 0:14 9606:5 0:51 9606:5 0:115 9606:4 0:5 9606:2 0:62 9606:5 0:87 9606:5 0:69 9606:5 0:7 9606:5 0:22 9606:5 0:16 9606:1 0:50 9606:6 0:12 9606:5 0:157 9606:6 0:2 9606:5 0:52 9606:1 0:19 9606:5 0:3 9606:1 0:5 9606:2 0:88 9606:8 0:42 9606:3 0:11 9606:5 0:43 9606:5 0:40 9606:1 0:3 9606:1 0:5 9606:5 0:54 9606:2 0:37 9606:4 0:73 9606:1 0:55 9606:5 0:85 9606:3 0:175 9606:5 0:5 9606:2 0:91 9606:1 0:83 9606:2 0:30 9606:4 0:5 9606:5 0:6 9606:1 0:41 9606:1 0:8 9606:1 0:17 9606:3 0:40 9606:5 0:7 9606:5 0:109
U	abd667ed-3115-4047-8cc9-0d505a8809db	0	2871	0:2837
U	54c0fe63-d072-43b8-be0e-b178400bcbfe	0	3437	0:3403
U	ce50a28c-5986-4287-9e46-d14c06bdd7d7	0	1739	0:1705
U	d975bc00-e275-496f-aee7-79adcc7f41ba	0	2013	0:1979
C	0bf1ac5c-587e-4539-8e64-10b0ea727e89	9606	3503	0:218 9606:5 0:15 9606:4 0:41 9606:4 0:2 9606:5 0:82 9606:3 0:39 9606:2 0:23 9606:8 0:90 9606:1 0:44 9606:1 0:10 9606:1 0:56 9606:5 0:8 9606:7 0:2 9606:5 0:20 9606:4 0:78 9606:4 0:9 9606:5 0:29 9606:2 0:5 9606:2 0:46 9606:1 0:46 9606:2 0:25 9606:5 0:29 9606:3 0:44 9606:5 0:46 9606:6 0:9 9606:5 0:11 9606:5 0:116 9606:5 0:31 9606:2 0:3 9606:5 0:44 9606:5 0:157 9606:1 0:39 9606:2 0:18 9606:6 0:19 9606:1 0:6 9606:5 0:4 9606:5 0:30 9606:1 0:24 9606:1 0:33 9606:2 0:73 9606:1 0:23 9606:2 0:5 9606:5 0:8 9606:5 0:3 9606:5 0:149 9606:4 0:12 9606:2 0:105 9606:1 0:26 9606:5 0:18 9606:1 0:79 9606:2 0:26 9606:5 0:82 9606:5 0:114 9606:5 0:2 9606:3 0:9 9606:2 0:88 9606:5 0:67 9606:4 0:80 9606:4 0:8 9606:5 0:40 9606:1 0:47 9606:6 0:25 9606:2 0:2 9606:4 0:12 9606:5 0:34 9606:1 0:87 9606:1 0:37 9606:4 0:3 9606:1 0:5 9606:4 0:47 9606:1 0:15 9606:5 0:115 9606:5 0:5 9606:9 0:96 9606:2 0:41 9606:1 0:66
U	7ee0fcf9-b3a6-44f3-9761-77492887b2fb	0	2246	0:2212
C	2b7d2276-2c3b-4eef-ad97-7b051d564477	9606	3328	0:560 9606:3 0:9 9606:3 0:2719
C	47557357-14c5-4d82-bde3-6254bc86e055	1747	4246	0:165 1747:2 0:5 1747:3 0:67 1747:1 0:16 1747:2 0:11 1747:1 0:8 1747:9 0:28 1747:5 0:129 1747:3 0:23 1747:1 0:9 2:1 0:47 1747:4 0:10 1747:1 0:65 1747:5 0:68 1747:3 0:41 1747:1 0:118 1747:4 0:54 1747:5 0:7 1747:4 0:3 1747:5 0:11 1747:5 0:128 1747:4 0:32 1747:1 0:11 1912216:5 0:20 1747:5 0:24 1747:4 0:7 1747:1 0:15 1747:4 0:185 1747:3 0:5 1747:4 0:65 1747:1 0:85 1747:5 0:101 1747:1 0:3 1747:5 0:24 1747:5 0:27 1747:2 0:17 1747:5 0:26 1747:5 0:2 1747:6 0:56 1747:2 0:31 1747:1 0:55 1747:5 0:2 1747:2 0:6 1747:5 0:94 1747:5 0:2 1747:5 0:40 1747:1 0:16 1747:5 0:27 1760:2 0:41 1747:5 0:23 1747:3 0:20 1747:5 0:12 1747:5 0:11 1747:5 0:8 1747:5 0:114 1747:2 0:29 1747:3 0:24 1747:3 0:5 1747:2 0:8 1747:6 0:8 1747:2 0:7 1912216:7 1747:1 0:5 1747:5 0:7 1747:3 0:5 1747:1 0:76 1912216:5 0:4 1747:5 0:8 1747:3 0:6 1747:1 0:101 1747:1 0:7 1747:1 0:66 1747:1 0:62 1747:2 0:37 1747:5 0:13 1747:4 0:16 335929:5 0:136 1747:1 0:43 1912216:5 0:1 1912216:3 0:59 1747:3 0:41 1747:5 0:46 1912216:2 0:25 1912216:2 0:84 1747:1 0:40 1747:1 0:23 1747:3 0:5 1747:1 0:78 1747:5 0:17 1747:5 0:23 1747:4 0:69 1747:1 0:12 1747:1 0:23 1747:9 0:37 1747:1 0:12 1747:5 0:1 1747:1 0:47 1912216:1 1747:5 0:13 1912216:2 0:5 1912216:4 0:71 1747:5 0:76 1747:1 0:35 1747:5 0:19 1747:5 0:110
U	364b7d7d-3e2d-47da-9012-4e0c91de52b4	0	2434	0:2400
U	638ba911-0d7b-4825-80ba-7605a135b93a	0	2428	0:2394
U	4fbf4d69-8a08-4f7a-88bb-3f6337254324	0	2915	0:2881
U	56d2676b-1c5c-416d-bba8-c7916ff34fec	0	828	0:794
U	b7dd5bd5-0822-44d4-9b7f-de587903c116	0	1737	0:1703
C	d30c489d-ef5b-46ee-9b80-83844149fb68	59814	865	0:383 59814:5 0:327 29497:2 0:23 1903411:3 0:88
U	b5e7a76b-75b5-4478-acbd-44ea91b0399a	0	3489	0:3455
U	1bec026b-1146-4cb8-93a6-1f5e20308913	0	1910	0:1876
U	62a19957-2873-45fd-95b8-c9158c472b5d	0	1901	0:1867
U	836bfd42-bfee-4c5d-afef-699ee7892ae5	0	3081	0:3047
U	7c973d58-7f1d-4307-8e66-45a723299d45	0	2713	0:2679
C	3fb53fc7-fa0f-4b4b-bdef-d402f021a125	1280	2923	0:150 1279:5 0:37 1279:3 0:39 1279:5 0:67 1279:5 0:7 1279:2 0:3 1279:5 0:55 1279:3 0:1 1279:3 0:41 1279:5 0:45 1279:1 0:16 1279:1 0:7 1279:2 0:10 1279:8 0:5 1279:2 0:2 1279:2 0:17 1279:6 0:120 1280:5 0:7 1280:1 0:29 1279:5 0:4 1279:2 0:14 1279:1 0:34 1279:1 0:22 1279:3 0:53 1279:5 0:218 1279:7 0:44 1279:5 0:1 1279:3 0:8 1279:5 0:29 1279:3 0:40 1279:4 0:9 1279:1 0:41 1279:2 0:13 1279:5 0:52 1279:7 0:36 1279:1 0:92 1279:2 0:97 1279:2 0:7 1279:2 0:13 1279:2 0:23 1279:2 0:3 1279:1 0:18 1279:5 0:108 1279:5 0:11 1279:4 0:30 1279:6 0:166 1279:2 0:14 1279:4 0:103 1279:5 0:9 1279:3 0:5 1279:4 0:104 1279:4 0:29 1279:3 0:39 1279:2 0:64 1279:1 0:41 1279:1 0:136 1279:2 0:22 1279:2 0:154 1279:4 0:12 1279:2 0:15 1279:4 0:10 1279:5 0:85
U	09436a7c-4851-4e47-a6f4-5b2db8bb19ff	0	2578	0:160 9606:3 0:2381
C	15a7db54-c3a9-4204-a977-d25c98e5d383	137732	2640	0:1202 137732:3 0:186 137732:2 0:10 137732:5 0:278 137732:2 0:140 137732:5 0:452 137732:2 0:10 137732:5 0:304
U	f04da157-ae6c-4b0e-82b4-3c3f41c5fa5f	0	333	0:299
C	02a348c6-c570-4dd9-b3f7-4ea1d87e00bf	1408189	1848	0:112 1408189:1 0:11 1408189:1 0:17 1408189:5 0:167 1408189:1 0:31 1408189:2 0:65 1408189:2 0:191 1408189:4 0:45 1408189:8 0:63 1408189:5 0:48 1408189:1 0:5 1408189:2 0:374 1408189:3 0:568 1408189:1 0:11 1408189:2 0:68
U	6a042403-dfe9-423a-b70a-94c27092d6a0	0	1402	0:1368
U	aa5058e8-49cd-4ef0-bf65-3800e606e90e	0	329	0:295
C	8e85cd4a-e1af-45c7-b0cb-0fef418c8bdc	9606	2813	0:162 9606:2 0:21 9606:1 0:22 9606:2 0:17 9606:3 0:23 9606:5 0:18 9606:5 0:56 9606:5 0:2 9606:1 0:38 9606:2 0:30 9606:3 0:6 9606:5 0:11 9606:2 0:5 9606:1 0:50 9606:4 0:5 9606:5 0:21 9606:5 0:3 9606:5 0:51 9606:2 0:1 9606:2 0:6 9606:5 0:69 9606:5 0:184 9606:3 0:4 9606:3 0:25 9606:2 0:11 9606:6 0:55 9606:5 0:131 9606:2 0:8 9606:4 0:65 9606:1 0:5 9606:2 0:3 9606:2 0:27 9606:5 0:33 9606:1 0:2 9606:5 0:10 9606:5 0:121 9606:7 0:50 9606:3 0:12 9606:4 0:74 9606:1 0:65 9606:4 0:6 9606:5 0:13 9606:3 0:31 9606:2 0:71 9606:5 0:5 9606:2 0:63 9606:1 0:96 9606:5 0:1 9606:2 0:95 9606:5 0:4 9606:1 0:49 9606:5 0:6 9606:1 0:9 9606:4 0:37 9606:1 0:85 9606:2 0:76 9606:1 0:47 9606:5 0:31 9606:1 0:94 9606:2 0:35 9606:5 0:16 9606:1 0:16 9606:9 0:7 9606:2 0:33 9606:5 0:8 9606:3 0:3 9606:5 0:29 9606:5 0:31 9606:3 0:54
C	e4124d47-1ec2-4ec5-b878-24e5b90f1fe2	9606	2775	0:104 9606:3 0:31 9606:5 0:29 9606:5 0:3 9606:3 0:8 9606:5 0:33 9606:2 0:7 9606:9 0:16 9606:1 0:16 9606:5 0:35 9606:2 0:89 9606:1 0:31 9606:5 0:123 9606:2 0:18 9606:4 0:84 9606:2 0:14 9606:4 0:9 9606:1 0:6 9606:5 0:49 9606:1 0:4 9606:5 0:35 9606:5 0:52 9606:2 0:1 9606:5 0:56 9606:2 0:11 9606:5 0:22 9606:1 0:18 9606:5 0:9 9606:5 0:22 9606:2 0:5 9606:5 0:72 9606:2 0:112 9606:5 0:11 9606:1 0:74 9606:4 0:243 9606:5 0:247 9606:5 0:55 9606:6 0:11 9606:2 0:359 9606:5 0:3 9606:5 0:21 9606:5 0:5 9606:4 0:50 9606:1 0:5 9606:2 0:52 9606:2 0:38 9606:1 0:2 9606:5 0:83 9606:2 0:23 9606:3 0:17 9606:2 0:22 9606:1 0:21 9606:2 0:98
C	5a954c49-f99f-42c7-99ae-156dd2085171	9606	501	0:190 9606:1 0:3 9606:5 0:268
U	f3516208-3925-431f-a7ce-300bf34e12bd	0	2719	0:2685
U	fe5df720-92ac-40ca-81e9-08273d659c20	0	2764	0:2730
C	45d1fba1-fdfc-48fe-b7e1-2c37324bd7d9	9606	4145	0:111 9606:1 0:5 9606:4 0:21 9606:1 0:38 9606:2 0:61 9606:1 0:19 9606:1 0:26 9606:1 0:17 9606:1 0:36 9606:3 0:10 9606:1 0:5 9606:1 0:133 2759:3 0:20 9606:5 0:38 9606:2 0:11 9606:2 0:138 9606:2 0:17 9606:2 0:72 9606:1 0:33 9606:1 0:5 9606:3 0:7 9606:7 0:30 9606:5 0:10 9606:5 0:36 9606:4 0:57 9606:5 0:5 9606:5 0:2 9606:1 0:56 9606:2 0:120 9606:6 0:3 9606:5 0:24 9606:1 0:43 9606:10 0:35 9606:5 0:8 9606:1 0:3 9606:5 0:5 9606:1 0:56 9606:5 0:5 9606:5 0:246 9606:3 0:38 9606:5 0:101 131567:2 0:37 2759:6 0:2 131567:5 0:8 2759:2 0:1 2759:5 0:69 9606:2 0:14 9606:3 0:20 9606:3 0:31 9606:1 0:49 9606:1 0:15 9606:4 0:17 9606:4 0:30 9606:1 0:13 9606:5 0:38 9606:4 0:5 9606:5 0:19 9606:2 0:34 9606:5 0:244 9606:2 0:103 9606:3 0:46 9606:3 0:30 9606:2 0:78 9606:1 0:19 9606:2 0:38 9606:5 0:39 2759:5 0:1 2759:1 0:22 131567:2 2759:5 0:41 9606:4 0:64 9606:2 0:23 9606:5 0:16 9606:5 0:13 9606:2 0:7 9606:2 0:17 9606:7 0:17 9606:5 0:5 9606:2 0:40 9606:5 0:3 9606:7 0:82 9606:5 0:18 9606:1 0:17 9606:6 0:63 9606:2 0:10 9606:2 0:48 9606:3 0:45 9606:5 0:48 9606:1 0:41 9606:3 0:89 9606:5 0:94 9606:5 0:69 9606:1 0:4 9606:1 0:109 9606:2 0:1 9606:5 0:91
C	8093e1ba-5487-44ef-9c65-80c49d83e056	9606	2322	0:136 9606:5 0:5 9606:4 0:26 9606:5 0:19 9606:2 0:133 9606:2 0:111 9606:2 0:26 9606:5 0:135 9606:4 0:56 9606:3 0:7 9606:5 0:34 9606:3 0:18 9606:2 0:35 9606:5 0:19 9606:1 0:2 9606:5 0:37 9606:1 0:5 9606:3 0:22 9606:1 0:14 9606:1 0:72 9606:9 0:4 9606:5 0:38 9606:1 0:21 9606:7 0:3 9606:5 0:80 9606:3 0:46 9606:1 0:12 9606:2 0:41 9606:1 0:13 9606:5 0:21 9606:2 0:8 9606:5 0:1 9606:1 0:5 9606:1 0:61 9606:2 0:10 9606:1 0:23 131567:5 0:8 2759:2 0:1 2759:5 0:26 9606:1 0:22 9606:1 0:19 9606:8 0:48 2759:2 0:6 9606:5 0:48 9606:4 0:29 9606:5 0:4 9606:4 0:9 9606:3 0:5 9606:1 0:12 9606:5 0:28 9606:4 0:11 9606:2 0:9 9606:5 0:11 9606:3 0:11 9606:3 0:2 9606:8 0:26 9606:5 0:18 9606:5 0:68 9606:1 0:76 9606:1 0:33 9606:3 0:19 9606:1 0:5 9606:2 0:5 9606:2 0:3 9606:7 0:14 9606:4 0:28 131567:10 0:8 131567:2 0:2 2759:1 0:51 131567:5 0:89
U	20c3c783-2956-4f15-a287-c27ee3f0bf5a	0	704	0:670
U	bd6cf77d-ea79-43be-91d6-fdfe4f1539c2	0	1865	0:1831
U	4939fd31-7d54-4cdd-a7f6-ebccdb356983	0	2031	0:1997
U	cda8ca87-d1fb-42ec-bcc6-d781c8c91175	0	2409	0:2375
U	c7210f80-306b-40df-88d8-3f282711df93	0	2153	0:2119
C	dec9a3b5-74f8-4bb9-adde-438b7b53938a	9606	5247	0:302 9606:5 0:90 9606:8 0:76 9606:5 0:58 9606:1 0:41 9606:4 0:99 9606:5 0:5 9606:3 0:10 9606:4 0:22 9606:3 0:7 9606:2 0:5 9606:4 0:15 9606:4 0:19 9606:2 0:55 9606:5 0:145 9606:5 0:139 9606:2 0:28 9606:2 0:48 9606:5 0:38 9606:5 0:18 9606:5 0:44 9606:1 0:34 9606:5 0:23 9606:1 0:7 9606:5 0:21 9606:2 0:6 9606:5 0:55 9606:5 0:5 9606:5 0:67 9606:3 0:52 9606:5 0:116 9606:4 0:202 9606:5 0:97 9606:2 0:75 9606:2 0:238 9606:10 0:101 9606:2 0:27 9606:5 0:45 9606:11 0:15 9606:5 0:76 9606:2 0:7 9606:6 0:9 9606:5 0:28 9606:3 0:16 9606:2 0:38 9606:5 0:59 9606:5 0:101 9606:1 0:11 9606:5 0:63 9606:1 0:56 9606:5 0:22 9606:1 0:43 9606:5 0:80 9606:5 0:28 9606:2 0:5 9606:5 0:129 9606:4 0:4 9606:2 0:14 9606:5 0:10 9606:4 0:178 9606:4 0:6 9606:2 0:76 9606:5 0:12 9606:3 0:11 9606:2 0:7 9606:9 0:69 9606:1 0:38 9606:2 0:1 9606:5 0:91 9606:5 0:2 9606:2 0:66 9606:1 0:9 9606:2 0:52 9606:5 0:41 9606:5 0:18 9606:5 0:15 9606:5 0:100 9606:1 0:11 9606:2 0:68 9606:2 0:1 9606:1 0:1 9606:6 0:40 9606:2 0:29 9606:5 0:18 9606:3 0:27 9606:2 0:90 131567:5 0:169 9606:5 0:37 9606:1 0:9 9606:1 0:13 9606:5 0:14 9606:2 0:48 9606:2 0:2 9606:1 0:49 9606:1 0:76 9606:1 0:44 9606:3 0:15 9606:1 0:61
C	b87b76ed-6521-4178-bc0f-0b6385468dd5	9606	3614	0:136 9606:4 0:21 9606:2 0:4 9606:1 0:61 9606:5 0:36 9606:2 0:38 9606:1 0:57 9606:5 0:67 9606:5 0:1 9606:1 0:9 9606:8 0:8 9606:1 0:32 9606:2 0:5 9606:1 0:96 9606:5 0:49 9606:5 0:9 9606:5 0:67 9606:3 0:7 9606:5 0:15 9606:3 0:2 9606:2 0:22 9606:1 0:133 9606:5 0:70 9606:5 0:38 9606:2 0:48 9606:4 0:10 9606:4 0:32 9606:1 0:21 9606:5 0:14 9606:1 0:67 9606:1 0:81 9606:1 0:87 9606:1 0:34 9606:5 0:23 9606:1 0:32 9606:1 0:19 9606:1 0:4 9606:2 0:119 9606:2 0:8 9606:1 0:11 9606:7 0:91 9606:5 0:42 9606:8 0:7 9606:2 0:124 9606:1 0:151 9606:5 0:100 9606:5 0:80 9606:6 0:10 9606:10 0:18 9606:1 0:10 9606:4 0:52 9606:5 0:260 9606:2 0:21 9606:2 0:137 9606:5 0:54 9606:5 0:7 9606:3 0:2 9606:5 0:16 9606:2 0:50 9606:3 0:46 9606:3 0:6 9606:2 0:98 9606:5 0:12 9606:3 0:8 9606:5 0:44 9606:1 0:20 9606:2 0:35 9606:1 0:6 9606:5 0:101 9606:1 0:29 9606:5 0:32 9606:5 0:22 9606:5 0:57
C	5db88b1a-0937-4867-a4ed-596b503cae53	9606	6700	0:132 9606:4 0:15 9606:5 0:16 9606:3 0:59 9606:1 0:47 9606:5 0:80 9606:4 0:59 9606:2 0:7 9606:2 0:27 9606:3 0:108 9606:5 0:46 9606:1 0:11 9606:1 0:129 9606:1 0:23 9606:2 0:30 9606:3 0:34 9606:2 0:31 9606:5 0:20 9606:2 0:73 9606:5 0:38 9606:3 0:153 9606:3 0:2 9606:4 0:19 9606:2 0:25 9606:7 0:144 9606:5 0:77 9606:2 0:23 9606:1 0:51 9606:1 0:103 9606:4 0:64 9606:1 0:140 9606:2 0:42 9606:5 0:18 9606:1 0:13 9606:1 0:6 9606:5 0:3 9606:9 0:128 9606:1 0:2 9606:5 0:232 9606:4 0:41 9606:1 0:25 9606:4 0:16 9606:5 0:156 9606:1 0:21 9606:4 0:9 9606:1 0:5 9606:5 0:8 9606:1 0:4 9606:5 0:27 9606:5 0:92 9606:3 0:185 9606:5 0:15 9606:1 0:63 9606:5 0:6 9606:5 0:4 9606:2 0:2 9606:3 0:21 9606:8 0:24 9606:1 0:29 9606:5 0:12 9606:10 2759:5 0:1 2759:1 0:30 9606:2 0:14 9606:3 0:14 9606:9 0:27 9606:2 0:33 9606:2 0:56 9606:5 0:83 9606:5 0:103 9606:5 0:6 9606:1 0:9 9606:5 0:26 9606:2 0:5 9606:5 0:20 9606:1 0:12 9606:5 0:21 9606:5 0:126 9606:4 0:11 9606:1 0:13 9606:5 0:226 9606:5 0:56 131567:5 0:13 9606:1 0:16 9606:5 0:76 9606:5 0:12 9606:2 2759:5 0:43 9606:5 0:47 9606:3 0:6 9606:4 0:77 9606:5 0:10 9606:1 0:2 9606:4 0:63 9606:2 0:16 9606:5 0:54 9606:2 0:90 9606:1 0:9 9606:1 0:7 9606:5 0:33 9606:5 0:47 9606:1 0:11 9606:1 0:129 9606:5 0:23 9606:8 0:75 9606:1 0:53 9606:5 0:107 9606:1 0:23 9606:5 0:128 9606:5 0:53 9606:5 0:2 9606:1 0:74 9606:2 0:53 9606:1 0:66 9606:1 0:34 9606:3 0:936
C	05c433c7-331d-4968-8eff-f3e0425ce395	9606	4584	0:93 9606:2 0:10 9606:5 0:36 9606:1 0:22 9606:3 0:19 9606:5 0:21 9606:2 0:3 9606:1 0:11 9606:1 0:10 9606:1 0:20 9606:1 0:1 9606:1 0:6 9606:5 0:50 9606:2 0:9 9606:1 0:91 9606:2 0:34 9606:4 0:8 9606:1 0:5 9606:5 0:6 9606:5 0:20 9606:2 0:30 9606:2 0:19 9606:3 0:154 9606:3 0:11 9606:5 0:29 9606:4 0:102 9606:5 0:3 9606:2 0:17 9606:5 0:23 9606:1 0:47 9606:1 0:31 9606:1 0:15 9606:5 0:27 9606:5 0:22 9606:6 0:8 9606:7 0:83 9606:2 0:12 9606:1 0:19 9606:5 0:37 9606:2 0:20 9606:1 0:85 9606:5 0:4 9606:2 0:3 9606:3 0:48 9606:8 0:3 9606:1 0:40 9606:5 0:51 9606:8 0:13 9606:5 0:18 9606:4 0:125 9606:6 0:64 9606:4 0:8 9606:1 0:17 9606:5 0:102 9606:5 0:14 9606:5 0:52 9606:2 0:33 9606:2 0:2 9606:3 0:18 9606:7 0:153 9606:2 0:13 9606:1 0:62 9606:1 0:31 9606:5 0:26 9606:3 0:73 9606:5 0:16 9606:5 0:35 9606:5 0:2 9606:8 0:73 9606:5 0:64 9606:5 0:61 9606:3 0:5 9606:3 0:60 9606:2 0:78 9606:5 0:9 9606:4 0:49 9606:2 0:189 9606:4 0:55 9606:3 0:97 9606:3 0:8 9606:4 0:37 9606:9 0:27 9606:1 0:6 9606:1 0:22 9606:5 0:100 9606:4 0:5 9606:2 0:21 9606:3 0:1 9606:5 0:109 9606:1 0:1 9606:5 0:1 9606:2 0:2 9606:5 0:150 9606:5 0:39 9606:6 0:8 9606:4 0:22 9606:1 0:66 9606:4 0:1 9606:5 0:42 9606:5 0:105 9606:5 0:21 9606:1 0:62 9606:5 0:36 9606:5 0:83 9606:3 0:4 9606:2 0:6 9606:1 0:1 9606:4 0:155
U	45f97ea4-3c8e-44ac-9ef0-003325d5a720	0	291	0:257
U	9e9d89ac-c8f8-4e6c-a2f9-dc2030ffeaad	0	1220	0:1186
C	254fb6fc-9874-40d8-8a0c-60926f268646	9606	3687	0:107 9606:4 0:212 9606:5 0:88 9606:1 0:76 9606:1 0:80 9606:1 0:23 9606:6 0:16 9606:4 0:74 9606:7 0:56 9606:2 0:39 9606:5 0:23 9606:5 0:14 9606:1 0:20 9606:5 0:12 9606:5 0:113 9606:5 0:5 9606:1 0:28 9606:5 0:43 9606:5 0:22 9606:5 0:22 9606:2 0:2 9606:5 0:6 9606:5 0:60 9606:5 0:101 9606:1 0:74 9606:4 0:30 9606:4 0:32 9606:3 0:90 9606:2 0:17 9606:1 0:48 9606:1 0:49 9606:5 0:109 9606:4 0:44 9606:5 0:50 9606:4 0:7 9606:1 0:42 9606:5 0:62 9606:5 0:59 9606:1 0:14 9606:2 0:33 9606:3 0:7 9606:1 0:5 9606:1 0:9 9606:1 0:33 9606:5 0:46 9606:2 0:43 9606:5 0:16 9606:1 0:21 9606:5 0:128 9606:1 0:27 9606:6 0:49 9606:5 0:14 9606:5 0:5 9606:2 0:25 9606:4 0:25 9606:1 0:122 9606:4 0:52 9606:5 0:27 9606:5 0:39 9606:2 0:44 9606:5 0:30 9606:1 0:1 9606:2 0:5 9606:2 0:3 9606:3 0:43 9606:3 0:19 9606:6 0:1 9606:3 0:28 9606:2 0:1 9606:2 0:47 9606:3 0:4 9606:5 0:16 9606:4 0:22 9606:4 0:29 9606:2 0:5 9606:2 0:59 9606:1 0:8 9606:5 0:14 9606:7 0:81 9606:2 0:16 9606:1 0:4 9606:3 0:13 9606:2 0:61 9606:1 0:25 9606:2 0:5 9606:4 0:1 9606:1 0:93
C	75aca2b1-93d0-4160-9a6c-f412c47bedfd	9606	3686	0:314 9606:5 0:88 9606:1 0:76 9606:1 0:81 9606:1 0:23 9606:6 0:16 9606:2 0:75 9606:7 0:26 9606:2 0:29 9606:2 0:39 9606:5 0:23 9606:5 0:14 9606:1 0:20 9606:5 0:130 9606:5 0:5 9606:1 0:28 9606:5 0:43 9606:5 0:22 9606:5 0:22 9606:2 0:2 9606:5 0:6 9606:5 0:46 9606:1 0:14 9606:5 0:101 9606:1 0:74 9606:4 0:30 9606:4 0:32 9606:3 0:89 9606:2 0:17 9606:1 0:48 9606:1 0:49 9606:5 0:20 9606:2 0:88 9606:4 0:98 9606:4 0:7 9606:1 0:42 9606:5 0:62 9606:5 0:78 9606:2 0:33 9606:3 0:23 9606:1 0:33 9606:5 0:42 9606:2 0:43 9606:5 0:16 9606:1 0:21 9606:5 0:129 9606:1 0:102 9606:5 0:5 9606:2 0:25 9606:4 0:25 9606:3 0:118 9606:4 0:52 9606:8 0:24 9606:5 0:39 9606:3 0:47 9606:3 0:31 9606:1 0:1 9606:2 0:5 9606:2 0:3 9606:3 0:8 9606:3 0:13 9606:3 0:18 9606:3 0:19 9606:6 0:1 9606:3 0:28 9606:2 0:1 9606:2 0:47 9606:3 0:4 9606:5 0:16 9606:4 0:22 9606:4 0:29 9606:2 0:5 9606:2 0:18 9606:5 0:10 9606:3 0:23 9606:1 0:8 9606:5 0:14 9606:7 0:13 9606:5 0:63 9606:2 0:16 9606:1 0:4 9606:3 0:76 9606:1 0:25 9606:2 0:5 9606:4 0:1 9606:1 0:95
C	63b28212-0397-4785-8094-e30655e4994d	1507512	5085	0:1129 1507512:5 0:1 1507512:5 0:1799 1115758:5 0:2107
C	e3602112-bb6c-4011-9bc9-4d68693b4b9e	1507512	5073	0:828 9606:2 0:3114 1507512:5 0:1 1507512:5 0:1084
C	3cad6f0e-a475-4a20-8ee3-7c94459e1ce5	9606	5487	0:125 9606:3 0:8 9606:1 0:18 9606:2 0:15 9606:8 0:38 9606:5 0:11 9606:4 0:64 9606:4 0:2 9606:5 0:88 9606:5 0:61 9606:1 0:3 9606:5 0:7 9606:5 0:11 9606:5 0:59 9606:6 0:61 9606:4 0:23 9606:4 0:7 9606:1 0:94 9606:2 0:65 9606:5 0:68 9606:5 0:16 9606:5 0:18 9606:1 0:43 9606:5 0:50 9606:2 0:8 9606:1 0:117 9606:5 0:22 9606:6 0:4 9606:5 0:73 9606:4 0:49 9606:5 0:2 9606:2 0:4 9606:5 0:16 9606:2 0:12 9606:7 0:20 9606:3 0:45 9606:1 0:65 9606:6 0:11 9606:2 0:40 9606:5 0:83 9606:2 0:14 9606:2 0:32 9606:5 0:1 9606:1 0:116 9606:1 0:3 9606:5 0:15 9606:2 0:34 9606:2 0:8 9606:3 0:29 9606:1 0:3 9606:3 0:15 9606:1 0:5 9606:5 0:13 9606:1 0:132 9606:5 0:7 9606:5 0:4 9606:5 0:11 9606:1 0:27 9606:1 0:1 9606:5 0:159 9606:5 0:5 9606:1 0:22 9606:1 0:9 9606:1 0:1 9606:5 0:5 9606:2 0:5 9606:4 0:95 9606:2 0:20 9606:5 0:12 9606:2 0:10 9606:2 0:27 9606:5 0:12 9606:5 0:22 9606:1 0:24 9606:2 0:74 9606:5 0:20 9606:4 0:10 9606:7 0:31 9606:2 0:28 9606:5 0:35 9606:1 0:28 9606:4 0:12 9606:1 0:21 9606:4 0:36 9606:4 0:16 9606:1 0:70 9606:3 0:9 9606:5 0:4 9606:2 0:2 9606:5 0:21 9606:6 0:2 9606:3 0:12 9606:1 0:20 9606:5 0:40 2759:1 0:33 9606:5 0:10 9606:5 0:20 9606:3 0:34 9606:5 0:18 9606:5 0:52 9606:1 0:6 9606:2 0:10 9606:5 0:10 9606:5 0:1 9606:9 0:5 9606:2 0:71 9606:2 0:86 9606:1 0:7 9606:5 0:52 9606:2 0:23 9606:1 0:41 9606:1 0:43 9606:1 0:19 9606:4 0:20 9606:4 0:11 9606:9 0:2 9606:1 0:6 9606:2 0:42 9606:5 0:22 9606:4 0:27 9606:2 0:65 9606:1 0:51 9606:2 0:76 9606:5 0:51 9606:5 0:5 9606:5 0:3 9606:2 0:5 9606:2 0:40 9606:2 0:25 9606:4 0:51 9606:1 0:42 9606:2 0:25 9606:3 0:32 9606:3 0:6 9606:1 0:17 9606:2 0:33 9606:2 0:6 9606:5 0:28 9606:5 0:54 9606:5 0:57 9606:5 0:9 9606:2 0:9 9606:2 0:54 9606:4 0:37 9606:3 0:5 9606:1 0:9 9606:6 0:90 9606:6 0:3 9606:5 0:41 9606:5 0:34 9606:1 0:129 9606:5 0:23 9606:5 0:54 9606:5 0:40 9606:10 0:43 9606:10 0:9 9606:3 0:2 9606:5 0:53
C	d3baaba3-6339-4b9c-b139-adc18c670d6b	9606	1061	0:239 9606:1 0:451 9606:2 0:334
U	7a3849dd-1b56-494d-8dd3-cbba3b667241	0	3037	0:153 3020843:2 0:2848
C	331be9c9-1e05-4ef3-829e-c19a7c9207a3	9606	2275	0:635 9606:3 0:7 9606:5 0:322 9606:1 0:158 9606:1 0:12 9606:2 0:56 9606:5 0:21 9606:2 0:8 9606:5 0:1 9606:1 0:5 9606:1 0:61 9606:2 0:35 131567:5 0:8 2759:2 0:1 2759:5 0:26 9606:1 0:22 9606:1 0:19 9606:8 0:48 2759:2 0:6 9606:5 0:70 9606:2 0:14 9606:5 0:4 9606:4 0:68 9606:4 0:54 9606:3 0:2 9606:8 0:26 9606:5 0:95 9606:1 0:75 9606:1 0:33 9606:3 0:19 9606:1 0:5 9606:2 0:5 9606:2 0:3 9606:7 0:14 9606:4 0:34 131567:4 0:8 131567:2 0:2 2759:1 0:78 9606:3 0:62
U	4825a9d0-38f3-405f-a9dc-4101daadbd90	0	2358	0:2324
C	d944dfed-3746-4a82-bdbf-d78dc0252340	9606	2647	0:156 9606:1 0:5 9606:4 0:93 9606:1 0:45 9606:1 0:29 9606:4 0:60 9606:3 0:5 9606:1 0:143 9606:1 0:103 9606:2 0:7 9606:5 0:101 9606:3 0:56 9606:5 0:6 9606:2 0:238 9606:5 0:18 9606:1 0:15 9606:5 0:97 9606:5 0:189 9606:1 0:35 9606:2 0:101 9606:3 0:12 9606:1 0:32 9606:1 0:38 9606:1 0:3 9606:5 0:3 9606:5 0:21 9606:6 0:19 9606:5 0:102 9606:5 0:64 9606:3 0:54 9606:5 0:24 9606:2 0:27 9606:2 0:10 9606:5 0:23 9606:5 0:8 9606:5 0:65 9606:3 0:18 9606:5 0:41 9606:5 0:1 9606:1 0:45 9606:1 0:1 9606:4 0:74 9606:7 0:40 9606:5 0:23 9606:5 0:60 9606:3 0:11 9606:5 0:137
C	40608070-2764-4706-9c1e-c6f1ce433c33	9606	3238	0:103 9606:3 0:46 9606:5 0:16 9606:5 0:29 131567:2 0:16 9606:4 0:11 9606:2 0:6 9606:5 0:7 9606:1 0:34 9606:3 0:176 9606:3 0:11 9606:4 0:8 9606:1 0:118 9606:2 0:7 9606:5 0:41 9606:2 0:20 9606:5 0:90 9606:2 0:225 9606:3 0:34 9606:1 0:64 9606:4 0:135 9606:5 0:64 9606:1 0:22 9606:5 0:26 9606:12 0:119 9606:6 0:48 9606:5 0:5 9606:3 0:79 9606:5 0:11 9606:1 0:21 9606:7 0:7 9606:4 0:17 9606:1 0:22 9606:1 0:5 9606:1 0:5 9606:3 0:88 9606:5 0:103 9606:2 0:5 9606:1 0:37 9606:5 0:55 9606:5 0:2 9606:3 0:22 9606:2 0:11 9606:5 0:56 9606:11 0:7 9606:5 0:5 9606:5 0:84 9606:2 0:25 9606:1 0:29 9606:5 0:143 9606:3 0:19 9606:7 0:20 9606:3 0:47 9606:2 0:4 9606:2 0:45 9606:5 0:37 9606:2 0:56 9606:1 0:52 9606:1 0:271 9606:5 0:123
U	b206c0a7-4ffd-459c-8146-7ac4ddd5b9e6	0	1686	0:1652
U	f768fbc4-b8d2-43c7-bee1-d1e0fff44bbe	0	1107	0:1073
U	24a5a73f-4901-4b06-869d-b02635d7841e	0	920	0:886
U	82ff2b28-6dc8-4a79-9125-71b7c8fb5cb5	0	752	0:718
U	e471a46b-7c72-4a35-a1df-d733c8b7c5e2	0	1834	0:549 1071378:5 0:1246
C	ea3a8c8d-8945-4efe-9a07-36069786769a	2487892	2258	0:97 2487892:3 0:111 2487892:2 0:166 2487892:5 0:107 2487892:5 0:7 2487892:4 0:4 1716:5 0:33 2487892:5 0:117 2487892:3 0:30 2487892:2 0:159 2487892:1 0:20 2487892:1 0:10 2487892:2 0:175 2487892:7 0:46 2487892:2 0:17 2487892:1 0:63 2487892:5 0:293 2487892:1 0:226 2:5 0:109 2487892:2 0:5 2487892:2 0:276 2487892:1 0:31 2487892:7 0:51
C	622330c7-a4a4-4948-b0d8-8990861bc704	9606	4125	0:113 9606:1 0:130 9606:1 0:19 9606:1 0:26 9606:1 0:17 9606:1 0:33 9606:1 0:1 9606:3 0:10 9606:1 0:5 9606:1 0:133 9606:3 0:20 9606:5 0:38 9606:2 0:11 9606:2 0:66 9606:5 0:65 9606:2 0:17 9606:2 0:106 9606:1 0:5 9606:3 0:7 9606:7 0:30 9606:5 0:100 9606:5 0:9 9606:5 0:5 9606:5 0:2 9606:1 0:59 9606:2 0:120 9606:6 0:3 9606:5 0:24 9606:1 0:31 9606:5 0:7 9606:10 0:35 9606:5 0:8 9606:1 0:3 9606:5 0:5 9606:1 0:52 9606:5 0:181 9606:1 0:69 9606:3 0:184 2759:6 0:2 131567:5 0:8 2759:2 0:1 2759:5 0:69 9606:2 0:14 9606:3 0:20 9606:3 0:14 9606:2 0:26 9606:5 0:5 9606:1 0:28 9606:1 0:15 9606:4 0:17 9606:4 0:30 9606:1 0:13 9606:5 0:38 9606:4 0:5 9606:5 0:19 9606:2 0:34 9606:5 0:155 9606:9 0:5 9606:4 0:8 9606:4 0:62 9606:2 0:5 9606:5 0:73 9606:3 0:17 9606:3 0:77 9606:2 0:78 9606:1 0:19 9606:2 0:38 9606:5 0:39 9606:5 0:1 9606:1 0:22 131567:2 0:46 9606:4 0:5 9606:2 0:78 9606:5 0:16 9606:5 0:13 9606:2 0:7 9606:2 0:17 9606:7 0:17 9606:5 0:5 9606:2 0:40 9606:5 0:3 9606:2 0:98 9606:1 0:17 9606:6 0:63 9606:2 0:10 9606:2 0:48 9606:3 0:45 9606:5 0:87 9606:3 0:132 9606:1 0:56 9606:5 0:2 9606:5 0:64 9606:1 0:4 9606:1 0:29 9606:4 0:40 9606:5 0:36 9606:6 0:89
U	72b18f19-28f3-40d2-874e-e9753d60fef3	0	1977	0:1943
U	85535978-8932-43bf-8d1d-2ee055ddc860	0	1476	0:1442
U	b14ecd2f-33af-4609-8075-8ca87f72c781	0	3024	0:2990
U	0a65a365-889f-4fcf-9db3-2d6ab2dfed3b	0	3047	0:3013
U	0ed6dd31-e9c3-4bc8-9433-cc77f28fec43	0	2425	0:2391
C	2a392d4a-d890-4810-9cb2-bf22f719acfb	9606	5462	0:101 9606:5 0:2 9606:3 0:9 9606:10 0:42 9606:10 0:40 9606:5 0:56 9606:5 0:23 9606:5 0:40 9606:2 0:58 9606:4 0:27 9606:1 0:34 9606:5 0:199 9606:4 0:23 9606:4 0:36 9606:2 0:9 9606:5 0:31 9606:1 0:27 9606:5 0:54 9606:5 0:28 9606:5 0:6 9606:2 0:50 9606:1 0:6 9606:3 0:32 9606:3 0:25 9606:2 0:42 9606:1 0:80 9606:3 0:114 9606:5 0:12 9606:5 0:60 9606:2 0:51 9606:1 0:65 9606:2 0:27 9606:4 0:22 9606:5 0:52 9606:9 0:11 9606:4 0:20 9606:4 0:19 9606:1 0:43 9606:1 0:13 9606:5 0:22 9606:1 0:23 9606:2 0:52 9606:5 0:7 9606:1 0:86 9606:2 0:71 9606:2 0:5 9606:9 0:1 9606:5 0:10 9606:5 0:92 9606:5 0:34 9606:3 0:20 9606:5 0:10 9606:5 0:33 2759:1 0:40 9606:5 0:65 9606:5 0:58 9606:5 0:9 9606:3 0:18 9606:1 0:16 9606:4 0:36 9606:4 0:21 9606:1 0:12 9606:4 0:28 9606:1 0:35 9606:5 0:28 9606:2 0:31 9606:7 0:10 9606:4 0:20 9606:5 0:75 9606:2 0:24 9606:1 0:22 9606:5 0:12 9606:5 0:27 9606:2 0:53 9606:2 0:126 9606:1 0:22 9606:1 0:5 9606:5 0:159 9606:5 0:1 9606:1 0:27 9606:1 0:11 9606:5 0:4 9606:5 0:7 9606:5 0:132 9606:1 0:13 9606:5 0:5 9606:1 0:15 9606:3 0:3 9606:1 0:77 9606:2 0:137 9606:1 0:1 9606:5 0:49 9606:3 0:15 9606:5 0:64 9606:5 0:40 9606:2 0:11 9606:6 0:65 9606:1 0:45 9606:3 0:20 9606:7 0:12 9606:2 0:16 9606:5 0:4 9606:2 0:2 9606:5 0:49 9606:4 0:40 9606:5 0:15 9606:2 0:10 9606:5 0:4 9606:6 0:22 9606:5 0:75 9606:4 0:10 9606:5 0:25 9606:1 0:8 9606:2 0:136 9606:5 0:68 9606:5 0:97 9606:3 0:2 9606:3 0:10 9606:2 0:43 9606:1 0:7 9606:4 0:23 9606:4 0:62 9606:6 0:75 9606:5 0:7 9606:5 0:3 9606:1 0:89 9606:1 0:9 9606:10 0:41 9606:5 0:2 9606:4 0:64 9606:4 0:11 9606:5 0:38 9606:8 0:15 9606:2 0:18 9606:1 0:8 9606:3 0:66
C	060abff9-ecfe-4e50-b098-9afd9bce1b20	2487892	2248	0:108 2487892:6 0:111 2487892:5 0:107 2487892:1 0:6 2487892:5 0:28 2487892:3 0:6 2487892:5 0:9 2487892:1 0:174 2487892:5 0:2 2487892:1 0:212 2487892:5 0:36 2487892:3 0:271 2487892:2 0:133 2487892:5 0:69 2487892:5 0:11 2487892:2 0:5 2487892:2 0:141 2487892:2 0:54 2487892:2 0:7 2487892:4 0:2 2487892:5 0:194 2487892:4 0:75 2487892:1 0:15 2487892:4 0:360
C	b8600868-be93-4b3a-92a5-b569870364b2	9606	3645	0:108 9606:3 0:39 9606:9 0:13 9606:2 0:9 9606:4 0:50 9606:5 0:29 9606:1 0:16 9606:3 0:59 9606:5 0:31 9606:5 0:10 9606:5 0:25 9606:2 0:19 9606:6 0:6 9606:6 0:15 9606:5 0:4 9606:4 0:17 9606:5 0:4 9606:5 0:52 9606:2 0:32 9606:1 0:18 9606:5 0:72 9606:5 0:15 9606:4 0:25 9606:4 0:9 9606:1 0:25 9606:1 0:138 9606:4 0:107 9606:10 0:21 9606:3 0:5 9606:3 0:47 9606:2 0:31 9606:3 0:6 9606:5 0:91 9606:2 0:13 9606:1 0:5 9606:1 0:22 9606:4 0:18 9606:5 0:26 9606:3 0:82 9606:6 0:36 9606:5 0:13 9606:1 0:10 9606:3 0:15 9606:3 0:39 9606:5 0:17 9606:2 0:17 9606:5 0:33 9606:5 0:44 9606:3 0:31 9606:3 0:47 9606:2 0:5 9606:7 0:29 9606:2 0:78 9606:5 0:2 9606:5 0:35 9606:5 0:9 9606:5 0:52 9606:2 0:19 9606:5 0:1 9606:5 0:112 9606:5 0:10 9606:2 0:2 9606:1 0:1 9606:1 0:5 9606:6 0:28 9606:5 0:132 9606:3 0:1 9606:11 0:3 9606:3 0:8 9606:2 0:70 9606:1 0:8 9606:5 0:17 9606:2 0:29 9606:2 0:54 9606:5 0:79 9606:4 0:11 9606:5 0:22 9606:5 0:15 9606:5 0:7 9606:5 0:2 9606:6 0:20 9606:5 0:36 9606:1 0:112 9606:2 0:169 9606:3 0:37 9606:5 0:82 9606:5 0:64 9606:5 0:72 9606:7 0:16 9606:4 0:9 9606:2 0:42 9606:2 0:137
C	04598adf-f342-40d7-9326-42b2f466672e	9606	4671	0:135 9606:5 0:7 9606:2 0:68 9606:5 0:100 9606:5 0:2 9606:5 0:13 9606:2 0:81 9606:5 0:342 9606:5 0:45 9606:6 0:77 9606:1 0:7 9606:5 0:21 9606:2 0:55 9606:5 0:18 9606:4 0:120 9606:3 0:14 9606:4 0:29 9606:4 0:46 9606:5 0:41 9606:5 0:8 9606:1 0:2 9606:5 0:15 9606:1 0:5 9606:1 0:39 9606:4 0:9 9606:2 0:10 9606:1 0:46 9606:5 0:2 9606:6 0:101 9606:5 0:3 9606:1 0:5 9606:2 0:10 9606:5 0:300 9606:1 0:2 9606:5 0:5 9606:3 0:60 9606:2 0:103 9606:1 0:165 9606:1 0:23 9606:3 0:15 9606:6 0:68 9606:2 0:58 9606:2 0:14 9606:1 0:14 9606:1 0:28 9606:5 0:18 9606:5 0:15 9606:3 0:21 9606:3 0:99 9606:1 0:85 9606:2 0:21 9606:5 0:7 9606:1 0:7 9606:1 0:17 9606:2 0:4 9606:1 0:34 9606:5 0:15 9606:4 0:49 9606:5 0:95 9606:5 0:2 9606:5 0:36 9606:4 0:52 9606:5 0:73 9606:5 0:3 9606:5 0:38 9606:9 0:27 9606:2 0:144 9606:2 0:33 9606:2 0:9 9606:1 0:5 9606:7 0:65 9606:3 0:52 9606:4 0:16 9606:2 0:206 9606:1 0:27 9606:4 0:13 9606:5 0:94 9606:3 0:12 9606:5 0:110 9606:1 0:15 9606:3 0:20 9606:1 0:81 9606:1 0:25 9606:1 0:153 9606:5 0:23 9606:4 0:1 9606:1 0:92 9606:5 0:14 9606:5 0:23 9606:6 0:55
C	acd9af5a-595b-4aa2-b85d-b7402ce5c447	9606	4399	0:140 9606:5 0:121 9606:2 0:24 9606:5 0:17 9606:4 0:122 9606:4 0:5 9606:1 0:60 9606:1 0:86 9606:10 0:11 9606:5 0:46 9606:1 0:84 9606:1 0:49 9606:1 0:22 9606:1 0:37 9606:1 0:10 9606:2 0:4 9606:6 0:17 9606:5 0:6 9606:1 0:7 9606:1 0:24 9606:1 0:9 9606:5 0:7 9606:6 0:83 9606:1 0:19 2759:1 0:8 9606:5 0:27 9606:4 0:7 9606:5 0:3 9606:5 0:12 9606:3 0:11 9606:3 0:26 9606:5 0:99 9606:2 0:62 9606:5 0:64 9606:1 0:57 9606:3 0:12 9606:1 0:13 9606:1 0:65 9606:5 0:4 9606:4 0:73 9606:8 0:28 9606:1 0:17 9606:1 0:39 9606:1 0:26 2759:3 0:33 9606:1 0:103 9606:1 0:30 9606:1 0:1 9606:2 0:27 9606:4 0:34 9606:1 0:23 9606:5 0:7 9606:5 0:13 9606:1 0:13 9606:5 0:50 9606:2 0:4 9606:6 0:3 9606:5 0:36 9606:5 0:45 9606:2 0:29 9606:1 0:288 9606:1 0:8 9606:5 0:95 9606:2 0:167 9606:6 0:42 9606:5 0:2 9606:1 0:1 9606:5 0:1 9606:6 0:2 9606:5 0:12 9606:2 0:10 9606:2 0:33 9606:12 0:5 9606:1 0:175 9606:2 0:11 9606:4 0:19 9606:1 0:24 9606:1 0:15 9606:1 0:26 9606:3 0:20 9606:5 0:97 9606:4 0:19 9606:5 0:78 9606:4 0:12 9606:2 0:14 9606:3 0:148 9606:5 0:17 9606:4 0:46 9606:5 0:161 9606:1 0:111 9606:1 0:25 9606:1 0:102 9606:6 0:23 9606:11 0:136
U	8442e214-1c8d-4b33-8fc5-3dda13d454d4	0	2635	0:2601
C	8813b836-7a6e-4e44-8439-9bc2cbf8e940	1528099	3655	0:2051 1528099:2 0:238 85007:1 1528099:5 0:56 1528099:3 0:1265
C	7149c25d-9e1b-45d9-bd40-0ff58e584cac	9606	3595	0:135 9606:1 0:86 9606:3 0:4 9606:5 0:92 9606:5 0:28 9606:5 0:13 9606:10 0:40 9606:4 0:7 9606:5 0:45 9606:4 0:25 9606:5 0:38 9606:2 0:32 9606:5 0:40 9606:2 0:23 9606:2 0:53 9606:2 0:50 9606:1 0:64 9606:1 0:33 9606:5 0:134 9606:1 0:47 9606:3 0:164 9606:5 0:19 9606:6 0:5 9606:5 0:6 9606:2 0:39 9606:5 0:39 9606:4 0:37 9606:7 0:69 9606:1 0:163 9606:5 0:20 9606:1 0:5 9606:3 0:39 9606:1 0:76 9606:5 0:98 9606:1 0:53 9606:5 0:2 9606:1 0:13 9606:1 0:5 9606:1 0:73 9606:4 0:102 9606:2 0:8 9606:5 0:26 9606:1 0:127 9606:5 0:5 9606:2 0:95 9606:13 0:26 9606:1 0:27 9606:2 0:43 9606:1 0:11 9606:6 0:7 9606:1 0:58 9606:6 0:78 9606:1 0:2 9606:5 0:60 9606:1 0:97 9606:4 0:85 9606:7 0:8 9606:2 0:25 9606:1 0:5 9606:1 0:48 9606:1 0:11 9606:4 0:51 9606:4 0:29 9606:1 0:34 9606:2 0:43 9606:5 0:8 9606:5 0:26 9606:5 0:18 9606:2 0:27 9606:3 0:10 9606:5 0:25 9606:1 0:24 9606:3 0:24 9606:1 0:13 9606:5 0:13 9606:5 0:95
U	06bacf2b-d2d8-4038-af79-178d756dcea0	0	1051	0:1017
U	adab6dfd-3e9a-47d2-9431-7370014bb870	0	2882	0:2848
U	c6dc1c17-b84a-42b9-b8fc-b5f1d20837f9	0	1664	0:1630
U	210e5a66-8ee1-4629-b193-ddc5685bde58	0	1530	0:1496
U	3803421d-2714-4d15-870c-a47384790154	0	2335	0:2301
C	b51063d8-6b27-4863-96ea-302c6ec7489a	2	2385	0:842 1784:5 0:1356 637905:5 0:143
U	ffe4ed6a-b54c-4916-b62c-42191a8a206d	0	2362	0:2328
U	e1c81ecb-e802-4bc4-9fbd-d3eb3c164609	0	1547	0:1513
U	caacc18d-62c0-4ce9-b035-0fad694d3377	0	1716	0:1682
U	a635b2c2-bcac-4c56-b1d2-90487be065bb	0	2955	0:2921
C	658ad0d9-ec78-40fb-a1c8-c0cb80f0f0cc	9606	2741	0:1858 9606:3 0:39 9606:2 0:805
U	0686e331-5b35-4693-8469-94d466b53ce7	0	3069	0:3035
U	13c13a58-c975-4612-a13f-ceea0ee0fce5	0	881	0:847
C	f210ec84-4f68-45bb-aeca-4831f4615f40	9606	3671	0:131 9606:1 0:32 9606:2 0:112 9606:1 0:76 9606:5 0:107 9606:1 0:20 9606:1 0:7 9606:1 0:7 9606:2 0:28 9606:7 0:18 9606:1 0:8 9606:5 0:48 9606:3 0:13 9606:1 0:25 9606:2 0:64 9606:3 0:32 9606:3 0:4 9606:8 0:7 9606:1 0:11 9606:2 0:50 131567:3 9606:3 0:132 9606:3 0:10 9606:8 0:12 9606:5 0:42 9606:5 0:16 9606:4 0:61 9606:2 0:45 9606:2 0:15 9606:2 0:65 9606:2 0:16 9606:5 0:4 9606:1 0:33 9606:1 0:36 9606:3 0:143 9606:2 0:20 9606:1 0:19 9606:5 0:19 9606:4 0:11 9606:3 0:36 9606:5 0:128 9606:5 0:20 9606:2 0:5 9606:5 0:51 9606:5 0:3 9606:3 0:10 9606:5 0:12 9606:5 0:113 9606:1 0:10 9606:9 0:70 9606:5 0:3 9606:5 0:91 9606:5 0:2 9606:3 0:109 9606:3 0:28 9606:1 0:73 9606:5 0:13 9606:1 0:52 9606:5 0:262 9606:2 0:2 9606:5 0:102 9606:3 0:149 9606:5 0:5 9606:5 0:2 9606:4 0:182 9606:5 0:6 9606:8 0:20 9606:1 0:1 9606:1 0:7 9606:1 0:25 131567:7 0:5 131567:5 0:7 9606:5 0:13 9606:1 0:76 9606:2 0:33 9606:2 0:62 9606:4 0:2 9606:5 0:3 9606:1 0:29 9606:1 0:51
U	c83435ff-b8b5-4497-b3f0-ff3d9d2f84f5	0	2268	0:2234
C	ee5dfaa0-8246-4203-97be-3d3cc84f2dca	9606	2535	0:107 9606:1 0:75 9606:1 0:14 9606:1 0:19 9606:5 0:10 9606:1 0:91 9606:2 0:37 9606:3 0:5 9606:2 0:1 9606:5 0:72 9606:5 0:17 9606:5 0:25 9606:1 0:19 9606:1 0:14 9606:3 0:23 2759:3 0:14 9606:2 0:79 9606:1 0:11 9606:5 0:2 9606:1 0:21 9606:5 0:49 9606:2 0:17 9606:4 0:96 9606:5 0:3 9606:1 0:88 9606:4 0:75 9606:2 0:66 9606:4 0:24 9606:3 0:33 9606:1 0:16 9606:5 0:6 9606:1 0:137 9606:4 0:18 9606:5 0:20 9606:1 0:133 9606:5 0:62 9606:2 0:10 9606:4 0:23 9606:4 0:31 9606:6 0:13 9606:5 0:15 9606:5 0:34 9606:5 0:14 9606:2 0:76 9606:2 0:88 9606:1 0:2 9606:4 0:18 9606:1 0:41 9606:3 0:23 9606:1 0:145 9606:5 0:11 9606:1 0:11 9606:1 0:29 9606:5 0:7 9606:5 0:6 9606:1 0:37 9606:1 0:8 9606:5 0:15 9606:2 0:8 9606:2 0:30 9606:1 0:6 9606:2 0:43 9606:3 0:79
U	9c6b4651-6e7b-42be-a1fb-1dfb2890cce1	0	2479	0:2445
C	8c2d5f62-e0bb-42fc-8d3b-c5e99ca29880	502025	1982	0:311 2594913:2 0:205 502025:4 0:1426
C	1e2343f1-5769-4555-b4b4-6abf8fa9c354	9606	5453	0:136 9606:6 0:202 9606:2 0:52 9606:2 0:40 9606:1 0:106 9606:5 0:111 9606:1 0:2 9606:11 0:18 9606:5 0:5 9606:1 0:11 9606:6 0:188 9606:8 0:81 9606:2 0:13 9606:5 0:74 9606:1 0:7 9606:3 0:81 9606:5 0:1 9606:2 0:32 9606:5 0:29 9606:1 0:6 9606:1 0:3 9606:5 0:11 9606:1 0:49 9606:5 0:88 9606:1 0:46 9606:6 0:165 9606:1 0:60 9606:5 0:1 9606:1 0:137 9606:2 0:7 9606:1 0:61 9606:3 0:24 9606:5 0:12 9606:3 0:119 9606:5 0:13 9606:1 0:55 9606:2 0:11 9606:3 0:225 9606:7 0:86 9606:5 0:8 9606:5 0:62 9606:5 0:41 9606:8 0:74 9606:2 0:71 9606:2 0:8 9606:4 0:97 9606:5 0:4 9606:3 0:28 9606:1 0:47 9606:5 0:27 9606:5 0:16 9606:4 0:99 9606:2 0:26 9606:1 0:14 9606:2 0:5 9606:5 0:63 9606:4 0:133 9606:2 0:10 9606:6 0:62 9606:1 0:27 9606:5 0:9 9606:5 0:26 9606:3 0:11 9606:5 0:17 9606:5 0:37 9606:5 0:70 9606:5 0:98 9606:1 0:49 9606:5 0:1 9606:5 0:4 9606:5 0:138 9606:4 0:196 9606:1 0:47 9606:5 0:9 9606:2 0:33 9606:1 0:105 9606:5 0:51 9606:4 0:32 9606:2 0:11 9606:2 0:77 9606:3 0:9 9606:5 0:8 9606:1 0:14 9606:3 0:118 9606:3 0:76 9606:5 0:49 9606:1 0:11 9606:3 0:79 9606:5 0:63 9606:5 0:26 9606:2 0:94 9606:1 0:18 9606:5 0:54 9606:2 0:75 9606:5 0:26 9606:5 0:52
U	f4de6ef6-ce24-42db-8b09-f272fd867a41	0	1588	0:1554
U	26b35537-76ec-43fe-a1ab-4284be3560eb	0	2287	0:2253
C	9495744c-ffc7-4c79-8e90-66740aa58c67	9606	4296	0:146 9606:2 0:3 9606:1 0:5 9606:5 0:19 9606:3 0:29 9606:3 0:40 9606:5 0:2 9606:1 0:18 9606:1 0:11 9606:2 0:3 9606:5 0:112 9606:3 0:50 9606:4 0:31 9606:4 0:79 9606:3 0:4 9606:5 0:11 9606:5 0:13 9606:2 0:27 9606:3 0:12 9606:5 0:42 9606:1 0:38 9606:2 0:14 9606:2 0:5 9606:5 0:5 9606:2 0:7 9606:9 0:4 9606:5 0:9 9606:5 0:11 9606:3 0:31 9606:4 0:43 9606:1 0:6 9606:2 0:7 9606:2 0:72 9606:2 0:19 9606:1 0:1 9606:2 0:11 9606:5 0:24 9606:3 0:82 9606:5 0:9 9606:5 0:2 9606:1 0:12 9606:1 0:12 9606:5 0:9 9606:2 0:10 9606:1 0:22 9606:3 0:5 9606:6 0:8 9606:1 0:12 9606:2 0:134 9606:5 0:10 9606:6 0:6 9606:2 0:43 9606:5 0:36 9606:5 0:9 9606:5 0:31 9606:2 0:43 9606:5 0:2 9606:5 0:2 9606:8 0:35 9606:3 0:3 9606:5 0:106 9606:3 0:83 9606:5 0:80 9606:5 0:23 9606:4 0:14 9606:1 0:17 9606:6 0:17 9606:1 0:2 9606:5 0:125 9606:1 0:55 9606:5 0:14 9606:1 0:2 9606:5 0:27 9606:3 0:20 9606:5 0:26 9606:1 0:26 9606:5 0:18 9606:2 0:42 9606:2 0:24 9606:2 0:95 9606:2 0:9 9606:5 0:10 9606:1 0:35 9606:5 0:34 9606:3 0:30 9606:4 0:51 9606:7 0:77 9606:1 0:261 9606:3 0:27 9606:5 0:55 9606:1 0:20 9606:5 0:2 9606:5 0:7 9606:2 0:34 9606:2 0:50 9606:1 0:44 9606:2 0:15 9606:2 0:5 9606:1 0:27 9606:2 0:17 9606:4 0:106 9606:1 0:17 9606:4 0:18 9606:2 0:24 9606:5 0:6 9606:2 0:23 9606:1 0:22 9606:5 0:17 9606:5 0:8 9606:3 0:29 9606:5 0:6 9606:1 0:27 9606:3 0:63 9606:1 0:17 9606:1 0:19 9606:2 0:36 9606:5 0:21 9606:3 0:5 9606:2 0:11 9606:4 0:1 9606:5 0:57 9606:5 0:32 9606:1 0:5 9606:4 0:18 9606:5 0:17 9606:1 0:54 9606:2 0:10 9606:8 0:49
U	10609feb-7178-4482-95db-432a39c1025b	0	2739	0:2705
U	fbd848f1-343c-410b-8090-24fe4e7eb2bd	0	1159	0:1125
U	5ca1bfbf-8931-40ac-8384-6597a9116a9f	0	4299	0:4265
C	c431e95b-4da3-41dc-ad55-7be7edfe228a	2487892	2488	0:593 2487892:3 0:18 2487892:6 0:4 2487892:1 0:126 2487892:3 0:312 2487892:1 0:200 2487892:2 0:12 2487892:2 0:19 2487892:5 0:95 1716:5 0:295 2487892:5 0:371 2487892:1 0:229 85007:5 0:26 228602:1 0:114
C	f99218a7-456e-4916-bbbd-d4657cae0733	76775	4862	0:157 76775:1 0:6 76775:3 0:58 76775:5 0:66 76775:5 0:11 76775:5 0:243 76775:5 0:74 76775:1 0:36 76775:6 0:42 76775:3 0:23 76775:1 0:16 76775:2 0:32 76775:7 0:63 76775:7 0:28 76775:5 0:64 76775:2 0:94 76775:3 0:84 76775:1 0:67 76775:5 0:12 76775:1 0:81 76775:5 0:15 76775:5 0:12 76775:3 0:7 76775:4 0:102 76775:5 0:11 76775:1 0:98 76775:1 0:95 76775:1 0:22 76775:5 0:15 76775:4 0:116 76775:5 0:11 76775:5 0:169 76775:3 0:3 76775:5 0:33 76775:1 0:3 76775:1 0:37 76775:3 0:10 76775:3 0:76 76775:1 0:10 76775:5 0:38 76775:5 0:39 76775:4 0:67 76775:5 0:38 76775:4 0:43 76775:2 0:24 76775:1 0:72 76775:2 0:79 76775:3 0:62 76775:4 0:27 76775:2 0:18 76775:6 0:1 76775:5 0:94 76775:3 0:11 76775:1 0:6 76775:2 0:6 76775:3 0:28 76775:2 0:14 76775:5 0:138 76775:5 0:235 76775:5 0:7 76775:1 0:21 76775:2 0:152 76775:5 0:1 76775:2 0:189 76775:1 0:18 76775:5 0:99 76775:4 0:9 76775:5 0:137 76775:2 0:80 76775:3 0:26 76775:2 0:9 76775:2 0:25 76775:5 0:88 76775:3 0:12 76775:5 0:23 76775:5 0:10 76775:5 0:52 76775:5 0:68 76775:5 0:164 76775:1 0:40 76775:4 0:19 76775:2 0:16 76775:4 0:50 76775:1 0:89
C	17b4c3d0-a668-435e-84c0-4e17cdea12be	9606	2072	0:178 9606:6 0:64 9606:5 0:5 9606:5 0:22 9606:5 0:8 9606:1 0:12 9606:1 0:62 9606:1 0:3 9606:6 0:21 9606:3 0:36 9606:3 0:27 9606:1 0:66 9606:2 0:18 9606:5 0:13 9606:9 0:24 9606:5 0:54 9606:4 0:3 9606:5 0:7 9606:6 0:1 9606:1 0:46 9606:3 0:25 9606:6 0:91 9606:7 0:41 9606:5 0:11 9606:5 0:16 9606:8 0:106 9606:8 0:35 9606:5 0:91 9606:5 0:36 9606:5 0:19 9606:3 0:30 9606:2 0:14 9606:5 0:126 9606:1 0:15 9606:5 0:14 9606:5 0:32 9606:6 0:22 9606:2 0:42 9606:5 0:74 9606:1 0:6 9606:5 0:8 9606:2 0:23 9606:5 0:76 9606:2 0:76 9606:2 0:25 9606:1 0:1 9606:2 0:63 9606:1 0:21 9606:5 0:38
C	9512c826-145c-40f4-902b-ad6c306eaaa5	9606	4665	0:111 9606:2 0:42 9606:5 0:66 9606:3 0:26 9606:1 0:1 9606:4 0:23 9606:2 0:178 9606:6 0:76 9606:1 0:20 9606:3 0:68 9606:5 0:8 9606:6 0:36 9606:5 0:12 9606:3 0:27 9606:3 0:17 9606:1 0:14 9606:1 0:30 9606:5 0:13 9606:4 0:253 9606:1 0:52 9606:3 0:65 9606:7 0:5 9606:1 0:9 9606:2 0:33 9606:2 0:173 9606:9 0:111 9606:1 0:23 9606:5 0:52 9606:4 0:143 9606:5 0:39 9606:1 0:8 9606:4 0:15 9606:5 0:34 9606:1 0:4 9606:2 0:17 9606:1 0:7 9606:1 0:7 9606:5 0:110 9606:1 0:116 9606:5 0:15 9606:5 0:18 9606:5 0:28 9606:1 0:14 9606:1 0:14 9606:2 0:58 9606:2 0:68 9606:6 0:15 9606:3 0:23 9606:1 0:33 9606:3 0:91 9606:5 0:12 9606:5 0:10 9606:1 0:17 9606:1 0:6 9606:5 0:37 9606:1 0:15 9606:5 0:21 9606:2 0:57 9606:3 0:5 9606:5 0:2 9606:1 0:98 9606:3 0:4 9606:5 0:2 9606:5 0:49 9606:3 0:12 9606:1 0:85 9606:3 0:12 9606:2 0:39 9606:5 0:100 9606:6 0:2 9606:5 0:15 9606:2 0:30 9606:1 0:10 9606:2 0:9 9606:4 0:33 9606:8 0:5 9606:1 0:15 9606:5 0:2 9606:1 0:8 9606:5 0:41 9606:5 0:46 9606:4 0:29 9606:5 0:138 9606:4 0:18 9606:5 0:55 9606:2 0:21 9606:5 0:7 9606:1 0:33 9606:1 0:43 9606:6 0:89 9606:5 0:34 9606:3 0:81 9606:5 0:15 9606:5 0:11 9606:5 0:138 9606:8 0:78 9606:2 0:13 9606:5 0:2 9606:5 0:49 9606:7 0:44 9606:5 0:45 9606:3 0:20 9606:2 0:1 9606:5 0:1 9606:5 0:82
C	012a38e9-9d02-4327-a3b1-2c0d1e61bb9d	9606	2059	0:138 9606:5 0:39 9606:2 0:1 9606:1 0:25 9606:2 0:39 9606:5 0:33 9606:2 0:75 9606:5 0:23 9606:2 0:8 9606:5 0:6 9606:1 0:74 9606:5 0:103 9606:5 0:14 9606:5 0:15 9606:1 0:35 9606:5 0:87 9606:5 0:14 9606:2 0:52 9606:5 0:113 9606:1 0:9 9606:5 0:35 9606:8 0:31 9606:4 0:70 9606:8 0:16 9606:5 0:11 9606:5 0:41 9606:7 0:91 9606:6 0:6 9606:3 0:13 9606:3 0:52 9606:6 0:7 9606:5 0:3 9606:4 0:54 9606:5 0:18 9606:5 0:24 9606:5 0:18 9606:2 0:66 9606:1 0:27 9606:3 0:58 9606:6 0:3 9606:1 0:62 9606:1 0:12 9606:1 0:8 9606:5 0:22 9606:5 0:5 9606:5 0:64 9606:6 0:121
C	c2e3884e-d9ed-4cec-a5ed-7010150d42c6	9606	2771	0:107 9606:3 0:44 9606:2 0:13 9606:5 0:10 9606:9 0:70 9606:1 0:103 9606:2 0:8 9606:2 0:68 9606:2 0:67 9606:5 0:7 9606:1 0:15 9606:4 0:101 9606:5 0:2 9606:1 0:36 9606:5 0:62 9606:5 0:16 9606:2 0:68 9606:5 0:65 9606:1 0:51 9606:2 0:33 9606:1 0:11 9606:3 0:13 9606:3 0:35 9606:3 0:42 9606:6 0:47 9606:3 0:11 9606:3 0:59 9606:3 0:121 9606:3 0:6 9606:2 0:36 9606:10 0:49 9606:3 0:61 9606:1 0:4 9606:5 0:32 9606:1 0:5 9606:7 0:26 9606:1 0:166 9606:1 0:10 9606:5 0:2 9606:3 0:1 9606:5 0:26 9606:7 0:29 9606:2 0:9 9606:5 0:4 9606:4 0:41 9606:2 0:142 9606:1 0:25 9606:2 0:19 9606:2 0:154 9606:5 0:36 9606:5 0:85 9606:2 0:7 9606:5 0:19 9606:1 0:12 9606:2 0:29 9606:5 0:9 9606:5 0:2 9606:4 0:21 9606:2 0:53 9606:1 0:65 9606:1 0:70
C	2e5e42a6-8ac9-4745-8ec1-affe416cb463	2509675	3293	0:2546 1639:3 0:178 2509675:4 0:528
C	f9a4d33c-278c-427a-90f2-4cfac8c8d958	9606	4253	0:98 9606:9 0:20 9606:1 0:188 9606:2 0:23 9606:1 0:94 9606:5 0:9 9606:4 0:6 9606:3 0:24 9606:5 0:43 9606:2 0:38 9606:1 0:14 9606:5 0:43 9606:1 0:41 9606:1 0:13 9606:4 0:64 9606:3 0:5 9606:5 0:2 9606:2 0:8 9606:1 0:2 9606:4 0:110 9606:2 0:8 9606:1 0:6 9606:2 0:10 9606:6 0:18 9606:4 0:3 9606:5 0:37 9606:3 0:20 9606:5 0:42 9606:5 0:138 9606:7 0:7 9606:1 0:5 9606:6 0:17 9606:5 0:1 9606:3 0:17 9606:7 0:75 9606:5 0:48 9606:5 0:1 9606:2 0:6 9606:2 0:42 9606:5 0:10 9606:4 0:9 9606:5 0:18 9606:5 0:114 9606:6 0:17 9606:5 0:78 9606:4 0:9 9606:5 0:14 9606:3 0:30 9606:5 0:41 9606:1 0:11 9606:5 0:13 9606:5 0:165 9606:5 0:39 9606:5 0:78 9606:6 0:39 9606:5 0:4 9606:4 0:5 9606:1 0:7 9606:2 0:7 9606:5 0:1 9606:5 0:7 9606:1 0:5 9606:5 0:10 9606:1 0:8 9606:1 0:5 9606:3 0:52 9606:1 0:5 9606:1 0:32 9606:3 0:37 9606:5 0:1 9606:5 0:58 9606:3 0:7 9606:5 0:16 9606:3 0:94 9606:3 0:22 9606:1 0:2 9606:5 0:43 9606:5 0:24 9606:1 0:11 9606:5 0:22 9606:5 0:117 9606:5 0:117 9606:2 0:17 9606:1 0:5 9606:1 0:163 9606:2 0:51 9606:2 0:40 9606:1 0:19 9606:4 0:77 9606:2 0:16 9606:7 0:36 9606:1 0:20 9606:2 0:20 9606:3 0:5 9606:1 0:18 9606:5 0:8 9606:1 0:42 9606:1 0:22 9606:3 0:11 9606:5 0:80 9606:2 0:27 9606:2 0:29 9606:5 0:23 9606:5 0:48 9606:1 0:24 9606:2 0:35 9606:1 0:28 9606:4 0:108 9606:3 0:7 9606:1 0:10 9606:2 0:48 9606:3 0:59
C	7a0fd365-d20f-431d-9016-d0d2fc5d47bf	9606	4212	0:161 9606:2 0:10 9606:1 0:7 9606:3 0:125 9606:5 0:4 9606:1 0:35 9606:2 0:24 9606:1 0:50 9606:5 0:58 9606:2 0:151 9606:1 0:155 9606:7 0:16 9606:2 0:136 9606:2 0:345 9606:2 0:33 9606:5 0:78 9606:5 0:79 9606:2 0:32 9606:5 0:2 9606:1 0:22 9606:3 0:93 9606:3 0:16 9606:5 0:7 9606:3 0:142 9606:1 0:70 9606:1 0:10 9606:5 0:40 9606:1 0:5 9606:4 0:4 9606:5 0:117 9606:5 0:39 9606:5 0:91 9606:1 0:72 9606:5 0:13 9606:5 0:11 9606:1 0:264 9606:1 0:7 9606:2 0:112 9606:5 0:42 9606:2 0:6 9606:2 0:1 9606:5 0:48 9606:5 0:45 9606:4 0:2 9606:1 0:24 9606:7 0:17 9606:3 0:1 9606:5 0:17 9606:6 0:5 9606:1 0:7 9606:7 0:89 9606:1 0:95 9606:5 0:20 9606:3 0:68 9606:6 0:10 9606:2 0:6 9606:1 0:8 9606:2 0:68 9606:1 0:11 9606:2 0:29 9606:4 0:2 9606:1 0:8 9606:2 0:2 9606:5 0:5 9606:3 0:64 9606:4 0:13 9606:1 0:83 9606:5 0:14 9606:1 0:38 9606:2 0:70 9606:3 0:6 9606:4 0:83 9606:5 0:21 9606:1 0:211 9606:1 0:75
C	169b76f7-0a92-4f9b-80c2-5ede920cb9d2	9606	3637	0:603 9606:2 0:39 9606:3 0:2956
U	babd7e9b-8df4-4096-8a2b-257ec32c5de8	0	1293	0:221 614:5 0:1033
U	71cfc3fa-75bf-4703-bada-38f083037dd8	0	1200	0:1166
C	df81b6e2-fa94-4c48-ba97-fe2b7edc78af	1747	4079	0:108 1747:2 0:5 1747:1 0:20 1747:1 0:12 1747:5 0:74 1747:1 0:13 1747:5 0:61 1747:2 0:11 1747:5 0:32 1747:1 0:20 1747:4 0:5 1747:3 0:11 1747:4 0:89 1747:3 0:1 1747:2 0:22 1747:1 0:87 1783272:2 0:30 1783272:1 0:71 1783272:3 0:6 1783272:1 0:5 2:1 0:2 1783272:5 0:129 1783272:1 0:30 1783272:1 0:74 1747:1 0:18 1747:1 0:5 1747:3 0:10 1747:5 0:47 1747:3 0:22 1747:5 0:28 1747:2 0:5 1747:2 0:107 1747:3 0:2 1747:5 0:27 1912216:5 0:43 1747:4 0:125 1747:5 0:59 1747:5 0:84 1747:5 0:11 1747:2 0:18 1747:1 0:2 1747:3 0:16 1747:1 0:12 1747:3 0:62 1747:4 0:230 1747:2 0:17 1747:5 0:108 1747:5 0:150 1747:2 0:86 1747:5 0:12 1747:1 0:39 1747:1 0:8 1747:2 0:5 1747:3 0:78 1747:1 0:44 1912216:5 0:11 1912216:5 0:16 1760:5 0:5 2:5 0:27 1747:2 0:72 1747:5 0:28 1747:6 0:5 1747:2 0:21 1747:2 0:26 1747:3 0:72 1747:5 0:3 1747:5 0:3 1747:5 0:3 1747:5 0:8 1747:1 0:10 1747:1 0:55 1747:3 0:17 1747:2 0:13 1747:1 0:65 1747:1 0:85 1747:5 0:1 1747:5 0:16 1747:5 0:44 1747:5 0:47 1747:1 0:6 1747:5 0:8 1747:7 0:9 1747:2 0:37 1912216:2 0:27 1747:5 0:8 1747:5 0:5 1747:3 0:4 1747:2 0:3 1747:2 0:111 1747:5 0:6 1747:6 0:40 1747:5 0:3 1747:2 0:12 1747:5 0:31 1747:3 0:9 1747:6 0:34 1747:7 0:98 1747:1 0:25 1747:1 0:204
U	b3d93ea5-652a-47d5-ac54-fccbaa3e7164	0	1944	0:365 2282170:3 0:1542
C	32370491-45e6-483e-8e12-9fd964c8680c	9606	4189	0:135 9606:5 0:20 9606:1 0:5 9606:2 0:29 9606:2 0:26 9606:2 0:58 9606:5 0:1 9606:5 0:4 9606:1 0:14 9606:1 0:30 9606:2 0:17 9606:5 0:11 9606:1 0:14 9606:5 0:76 9606:5 0:50 9606:5 0:57 9606:5 0:63 9606:5 0:51 9606:2 0:60 9606:5 0:40 9606:3 0:7 9606:3 0:29 9606:5 0:57 9606:1 0:13 9606:5 0:3 9606:10 0:68 9606:2 0:20 9606:5 0:1 9606:5 0:57 9606:2 0:2 9606:2 0:26 9606:1 0:34 9606:5 0:41 9606:1 0:6 9606:3 0:7 9606:3 0:6 9606:5 0:21 9606:2 0:15 9606:5 0:71 9606:5 0:5 9606:1 0:116 9606:2 0:5 9606:4 0:11 9606:5 0:27 9606:1 0:130 9606:5 0:31 9606:3 0:9 9606:1 0:15 9606:2 0:17 9606:5 0:39 9606:1 0:38 9606:3 0:27 9606:2 0:21 9606:1 0:2 9606:1 0:90 9606:5 0:46 9606:5 0:2 9606:1 0:6 9606:3 0:9 9606:5 0:4 9606:5 0:8 9606:5 0:4 9606:1 0:24 9606:1 0:18 9606:2 0:59 9606:1 0:25 9606:1 0:12 9606:3 0:4 9606:1 0:5 9606:3 0:11 9606:5 0:21 9606:3 0:19 9606:5 0:73 9606:5 0:53 9606:2 0:6 9606:3 0:1 9606:10 0:8 9606:2 0:36 9606:5 0:30 9606:1 0:21 9606:4 0:57 9606:2 0:64 9606:2 0:108 9606:5 0:25 9606:2 0:65 9606:5 0:7 9606:2 0:45 9606:5 0:66 9606:5 0:5 9606:1 0:42 9606:2 0:16 9606:1 0:32 9606:3 0:6 9606:2 0:22 9606:3 0:5 9606:4 0:11 9606:4 0:36 9606:1 0:24 9606:4 0:17 9606:5 0:85 9606:2 0:9 9606:1 0:26 9606:2 0:25 9606:5 0:28 9606:2 0:32 9606:5 0:105 9606:1 0:99 9606:5 0:22 9606:4 0:67 9606:3 0:19 9606:4 0:8 9606:6 0:37 9606:2 0:37 9606:5 0:15 9606:1 0:5 9606:5 0:24 9606:1 0:4 9606:5 0:66 9606:5 0:23 9606:5 0:45
U	76c396fb-dcbf-4ca3-9b55-19747f9dae6d	0	1790	0:1756
U	75ebe1d7-c385-47a8-b421-5e42561fc723	0	995	0:961
U	7919d60e-690e-428a-885d-a856aae2e31d	0	1469	0:1435
U	568b5899-5e7c-4e23-9f6f-aa2b71946ced	0	2019	0:1985
U	420c5035-368d-44d8-91d3-1ca04f2caf4b	0	1983	0:1949
C	2b7914ca-fb1b-4904-a0e3-97ef74977210	9606	4751	0:159 9606:3 0:34 9606:2 0:37 9606:4 0:124 9606:1 0:10 9606:3 0:6 9606:1 0:5 9606:5 0:10 9606:5 0:116 9606:1 0:2 9606:2 0:27 9606:5 0:24 9606:2 0:131 9606:3 0:21 9606:2 0:24 9606:2 0:67 9606:2 0:1 9606:1 0:40 9606:6 0:33 9606:2 0:13 9606:1 0:29 9606:1 0:13 9606:4 0:21 9606:5 0:4 9606:6 0:59 9606:1 0:11 9606:1 0:16 9606:2 0:10 9606:5 0:2 9606:2 0:17 9606:1 0:131 9606:1 0:34 9606:2 0:22 9606:6 0:6 9606:2 0:14 9606:5 0:131 9606:1 0:4 9606:5 0:105 9606:3 0:2 9606:5 0:68 9606:2 0:29 9606:4 0:24 9606:5 0:12 9606:13 0:14 9606:5 0:43 9606:1 0:7 9606:1 0:58 9606:2 0:86 9606:5 0:6 9606:5 0:75 9606:5 0:24 9606:2 0:18 9606:1 0:7 9606:3 0:18 9606:5 0:18 9606:5 0:8 9606:1 0:25 9606:5 0:59 9606:3 0:35 9606:4 0:1 9606:1 0:5 9606:1 0:16 9606:3 0:6 9606:1 0:54 9606:5 0:57 9606:11 0:2 9606:5 0:11 9606:5 0:36 9606:5 0:75 9606:1 0:11 9606:1 0:186 9606:3 0:51 9606:2 0:10 9606:1 0:205 9606:1 0:7 9606:1 0:40 9606:5 0:26 9606:5 0:95 9606:1 0:108 9606:3 0:12 9606:4 0:100 9606:1 0:8 9606:1 0:12 9606:3 0:14 9606:3 0:62 9606:5 0:65 9606:5 0:28 9606:3 0:65 9606:5 0:23 9606:4 0:9 9606:5 0:1 9606:4 0:51 9606:3 0:55 9606:3 0:9 9606:1 0:54 9606:2 0:6 9606:2 0:13 9606:6 0:106 9606:5 0:11 9606:1 0:55 9606:5 0:59 9606:1 0:49 9606:5 0:13 9606:5 0:78 9606:4 0:31 9606:5 0:3 9606:7 0:42 9606:3 0:36 9606:1 0:16 9606:1 0:128
C	f9be285b-513c-4cb7-bd81-ba0b0ff403ac	9606	3046	0:141 9606:2 0:11 9606:3 0:11 9606:4 0:32 9606:9 0:52 9606:2 0:15 9606:7 0:107 9606:5 0:68 9606:2 0:5 9606:1 0:114 9606:1 0:6 9606:3 0:4 9606:5 0:37 9606:5 0:85 9606:1 0:61 9606:5 0:78 9606:1 0:9 9606:1 0:99 9606:1 0:155 9606:1 0:10 9606:2 0:92 9606:1 0:26 9606:1 0:2 9606:5 0:81 9606:1 0:9 9606:5 0:34 9606:8 0:1 9606:5 0:15 9606:2 0:27 9606:5 0:24 9606:2 0:24 9606:6 0:31 9606:1 0:19 9606:1 0:33 9606:6 0:24 9606:1 0:2 9606:7 0:25 9606:4 0:80 9606:2 0:17 9606:2 0:5 9606:2 0:18 9606:2 0:123 9606:5 0:4 9606:5 0:9 9606:1 0:17 9606:1 0:9 9606:6 0:108 9606:3 0:57 9606:3 0:20 9606:5 0:104 9606:4 0:6 9606:3 0:8 9606:1 0:5 9606:1 0:112 9606:5 0:32 9606:1 0:51 9606:3 0:31 9606:5 0:97 9606:5 0:23 9606:4 0:41 9606:5 0:6 9606:2 0:14 9606:4 0:22 9606:1 0:8 9606:5 0:32 9606:2 0:83 9606:4 0:3 9606:1 0:3 9606:5 0:36 9606:5 0:34
U	4c577bd6-55b6-4e85-be12-698e7cb0a836	0	3891	0:3220 53442:5 0:632
C	5fd30ad3-1e1f-420b-be6e-0468f94341ee	423477	5084	0:108 29465:4 0:31 29465:4 0:27 29465:5 0:11 29465:6 0:48 423477:1 0:2 423477:2 0:50 29465:5 0:123 29465:2 0:15 29465:2 0:66 29465:3 0:15 29465:3 0:184 29465:1 0:56 29465:3 0:56 29465:8 0:33 29465:2 0:14 29465:5 0:65 423477:5 0:5 423477:3 0:72 29465:1 0:28 29465:1 0:40 29465:5 0:16 29465:3 0:984 29466:1 0:14 29466:1 0:105 29465:5 0:7 29465:4 0:7 29465:4 0:17 29465:5 0:92 29465:3 0:19 29465:5 0:2 29465:6 0:19 29465:6 0:55 29465:4 0:22 29465:4 0:6 29465:2 0:38 423477:5 0:59 423477:4 0:19 29465:5 0:7 29465:5 0:30 29465:2 0:17 29465:1 0:8 29465:3 0:104 29465:4 0:15 29465:3 0:40 29465:1 0:24 29465:5 0:13 29465:4 0:92 29465:3 0:1 29465:3 0:18 2:1 0:67 29465:5 0:71 29465:2 0:45 29465:1 0:10 423477:7 0:73 29465:5 0:23 423477:2 0:45 29465:1 0:23 29465:3 0:22 29465:1 0:51 423477:5 0:6 423477:5 0:13 29465:5 0:25 423477:2 0:97 29465:5 0:186 29465:5 0:27 29465:4 0:1 29465:5 0:43 423477:3 0:12 423477:3 0:1 29465:5 0:6 423477:5 0:13 29465:3 0:19 423477:1 0:6 423477:5 0:39 423477:5 0:66 423477:2 29465:1 423477:5 0:209 423477:5 0:81 423477:14 0:7 423477:5 0:7 423477:2 0:1 423477:6 0:3 29465:5 0:350 29465:2 0:49 423477:5 0:33 423477:2 0:12 423477:2 0:9 423477:2 0:9 423477:2 0:65
U	8a55a4de-0e8d-4936-9e11-a5e52abdfb10	0	1302	0:226 614:5 0:1037
U	acddc346-8376-4bf0-8a7a-4a13410d0a47	0	1300	0:1100 614:5 0:161
U	0f7154c7-949d-4eb1-9550-a4a741945239	0	3069	0:3035
C	cf58db9c-463d-4288-a810-a71965e0be10	9606	1424	0:78 9606:5 0:18 2759:5 0:1 2759:3 0:60 9606:2 0:33 9606:1 0:94 9606:1 0:10 9606:2 0:195 9606:1 0:13 9606:1 0:3 9606:5 0:28 9606:3 0:9 9606:2 0:70 9606:5 0:13 9606:3 0:50 9606:5 0:8 9606:3 0:54 9606:1 0:7 9606:2 0:89 9606:4 0:112 9606:5 0:73 9606:1 0:24 9606:5 0:15 9606:2 0:47 9606:3 0:87 9606:3 0:38 9606:1 0:13 9606:5 0:69
C	03b5bac2-18c4-4fa7-ae47-f629982d1278	1747	3816	0:140 1747:6 0:118 1747:3 0:121 1747:5 0:29 1747:1 0:21 1747:6 0:1 1747:1 0:135 1912216:5 0:80 1747:1 0:105 1747:2 0:1 1747:2 1912216:3 0:48 1747:14 0:80 1912216:3 0:22 1747:1 0:35 1912216:5 0:9 1747:1 0:25 1747:3 0:125 1912216:3 0:61 1747:5 0:5 1747:3 0:52 1747:5 0:139 1747:5 0:13 1747:5 0:26 1747:3 0:28 1747:3 0:98 1747:2 0:9 1747:1 0:84 1747:5 0:9 1747:2 0:119 1747:5 0:1 1747:1 0:38 1747:5 0:27 1747:3 0:7 1747:1 0:10 1747:1 0:130 1760:2 0:2 1747:1 0:68 1747:5 0:99 1747:2 0:15 1747:1 0:26 1747:1 0:9 1747:3 0:17 1747:5 0:64 1747:2 0:14 1747:5 0:105 1747:3 0:13 1747:2 0:63 1747:1 0:2 1747:5 0:21 1747:1 0:102 1747:1 0:50 1747:3 0:1 1747:5 0:93 1747:2 0:113 1747:3 0:17 1747:4 0:22 1747:2 0:55 1747:4 0:37 1747:5 0:16 1747:1 0:62 1747:4 0:33 1747:1 0:9 1747:4 0:36 1747:7 0:2 1747:5 1912216:2 0:186 2:2 0:26 1747:1 0:98 1747:4 0:35 1747:8 0:93
C	c7cc7274-83aa-4942-8fdd-ad0dab4b6cf2	186804	3874	0:569 9606:1 0:1007 1561:2 0:367 1208920:1 0:122 186804:5 0:1766
U	ed0a7c4d-0631-4e24-b579-2716e6cf5276	0	2473	0:2439
